Workbook

Sheet Live data
A1: id | B1: code | C1: station | D1: latitude | E1: longitude | F1: services | G1: openTime | H1: closeTime | I1: phone Number
A2: 0 | B2: #RH-KE-NBI-A-01 | C2: Lusaka Road - TotalEnergies | D2: -1.3011345 | E2: 36.832905 | F2: Battery charging, Battery Rental | G2: 7:00 AM | H2: 7:00PM | I2: 254111917217
A3: 1 | B3: #RH-KE-NBI-A-02 | C3: Wayaki Way - TotalEnergies | D3: -1.2579405 | E3: 36.781329 | F3: Battery charging, Battery Rental | G3: 7:00 AM | H3: 7:00PM | I3: 254113585123
A4: 2 | B4: #RH-KE-NBI-A-03 | C4: Ngong Road - TotalEnergies | D4: -1.2996674 | E4: 36.788717 | F4: Battery charging, Battery Rental | G4: 7:00 AM | H4: 7:00PM
A5: 3 | B5: #RP-KE-NBI-A-04 | C5: Jogoo Road - M-KOPA Shell | D5: -1.292109 | E5: 36.843321 | F5: Battery Rental | G5: 8:00 AM | H5: 5:00 PM
A6: 4 | B6: #RP-KE-NBI-A-05 | C6: Lavington - M-KOPA Shell | D6: -1.279364 | E6: 36.770414 | F6: Battery Rental | G6: 8:00 AM | H6: 5:00 PM
A7: 5 | B7: #RP-KE-NBI-A-06 | C7: Kawangware - M-KOPA Shell | D7: -1.287923 | E7: 36.741585 | F7: Battery Rental | G7: 8:00 AM | H7: 5:00 PM
A8: 6 | B8: #RH-KE-NBI-A-07 | C8: South C - TotalEnergies | F8: Battery charging | G8: Open 24hrs | H8: Open 24hrs
A9: 7 | B9: #RH-KE-NBI-A-08 | C9: Outer Ring - TotalEnergies | F9: Battery charging | G9: Open 24hrs | H9: Open 24hrs
A10: 8 | B10: #RH-KE-NBI-A-09 | C10: TotalEnergies - Ruaraka | D10: -1.227694 | E10: 36.883355 | F10: Battery charging | G10: Open 24hrs | H10: Open 24hrs
A11: 9 | B11: #RH-KE-NBI-A-10 | C11: Coming Soon: Regen | D11: -1.2548636 | E11: 36.663139 | F11: Battery charging | G11: Open 24hrs | H11: Open 24hrs
A12: 10 | B12: #RH-KE-NBI-A-11 | C12: Coming Soon: Eastleigh | D12: -1.268001 | E12: 36.84817 | F12: Battery charging | G12: Open 24hrs | H12: Open 24hrs
A13: 11 | B13: #RH-KE-NBI-A-12 | C13: Coming Soon: Adlife | D13: -1.29483 | E13: 36.78731 | F13: Battery charging | G13: Open 24hrs | H13: Open 24hrs

Sheet RK - KE - NBI
I1: =countif(I3:I1001,"Operational") -> 3 | J1: Site Information | O1: Site Manager | T1: Extinguishers | U1: Rom Hubs | V1: Number of Chargers | Y1: Services
A2: Short Name | B2: Long Name | C2: Country | D2: County | E2: Alphabet | F2: No | G2: Roam Charger ID | H2: Dynamics Project Code | I2: Status | J2: Partner | K2: Site Name | L2: Charger Name | M2: Complete Name | N2: Coordinate | O2: Full Name | P2: Phone Number | Q2: Ownership | R2: Operation | S2: Release | T2: Next Date of Control | U2: Phone Number | V2: 10A | W2: 20A | X2: 30A | Y2: Charging | Z2: Rental
A3: RK | B3: =vlookup(A3,'List of Chargers'!$A$2:$B$5,2,FALSE) -> Roam Kiosk | C3: KE | D3: NBI | E3: A | F3: 01 | G3: =CONCATENATE("#",A3,"-",C3,"-",D3,"-",E3,"-",F3,) -> #RK-KE-NBI-A-01 | H3: =concatenate(G3) -> #RK-KE-NBI-A-01 | I3: Operational | J3: M-KOPA | K3: Shell Jogoo Road | L3: =B3&" - "&K3 -> Roam Kiosk - Shell Jogoo Road | M3: =CONCATENATE(G3," - Rental Kiosk - ",J3," - ",K3) -> #RK-KE-NBI-A-01 - Rental Kiosk - M-KOPA - Shell Jogoo Road | Q3: Roam Electric Limited | R3: Mkopa Kenya | S3: Mombasa | V3: 4 | W3: 0 | X3: 0 | Y3: FALSE | Z3: TRUE
A4: RK | B4: =vlookup(A4,'List of Chargers'!$A$2:$B$5,2,FALSE) -> Roam Kiosk | C4: KE | D4: NBI | E4: A | F4: 02 | G4: =CONCATENATE("#",A4,"-",C4,"-",D4,"-",E4,"-",F4,) -> #RK-KE-NBI-A-02 | H4: =concatenate(G4) -> #RK-KE-NBI-A-02 | I4: Operational | J4: M-KOPA | K4: Shell Lavington | L4: =B4&" - "&K4 -> Roam Kiosk - Shell Lavington | M4: =CONCATENATE(G4," - Rental Kiosk - ",J4," - ",K4) -> #RK-KE-NBI-A-02 - Rental Kiosk - M-KOPA - Shell Lavington | Q4: Roam Electric Limited | R4: Mkopa Kenya | S4: Mombasa | V4: 4 | W4: 0 | X4: 0 | Y4: FALSE | Z4: TRUE
A5: RK | B5: =vlookup(A5,'List of Chargers'!$A$2:$B$5,2,FALSE) -> Roam Kiosk | C5: KE | D5: NBI | E5: A | F5: 03 | G5: =CONCATENATE("#",A5,"-",C5,"-",D5,"-",E5,"-",F5,) -> #RK-KE-NBI-A-03 | H5: =concatenate(G5) -> #RK-KE-NBI-A-03 | I5: Operational | J5: M-KOPA | K5: Shell Kawangware | L5: =B5&" - "&K5 -> Roam Kiosk - Shell Kawangware | M5: =CONCATENATE(G5," - Rental Kiosk - ",J5," - ",K5) -> #RK-KE-NBI-A-03 - Rental Kiosk - M-KOPA - Shell Kawangware | Q5: Roam Electric Limited | R5: Mkopa Kenya | S5: Mombasa | V5: 4 | W5: 0 | X5: 0 | Y5: FALSE | Z5: TRUE
A6: RK | B6: =vlookup(A6,'List of Chargers'!$A$2:$B$5,2,FALSE) -> Roam Kiosk | C6: KE | D6: NBI | E6: A | F6: 04 | G6: =CONCATENATE("#",A6,"-",C6,"-",D6,"-",E6,"-",F6,) -> #RK-KE-NBI-A-04 | H6: =concatenate(G6) -> #RK-KE-NBI-A-04 | I6: Construction | J6: RideWell | K6: TotalEnergies Ruaraka | L6: =B6&" - "&K6 -> Roam Kiosk - TotalEnergies Ruaraka | M6: =CONCATENATE(G6," - Rental Kiosk - ",J6," - ",K6) -> #RK-KE-NBI-A-04 - Rental Kiosk - RideWell - TotalEnergies Ruaraka | Y6: FALSE | Z6: FALSE
A7: RK | B7: =vlookup(A7,'List of Chargers'!$A$2:$B$5,2,FALSE) -> Roam Kiosk | C7: KE | D7: NBI | E7: A | F7: 05 | G7: =CONCATENATE("#",A7,"-",C7,"-",D7,"-",E7,"-",F7,) -> #RK-KE-NBI-A-05 | H7: =concatenate(G7) -> #RK-KE-NBI-A-05 | I7: Blocked | J7: Mogo | K7: ?? | L7: =B7&" - "&K7 -> Roam Kiosk - ?? | M7: =CONCATENATE(G7," - Rental Kiosk - ",J7," - ",K7) -> #RK-KE-NBI-A-05 - Rental Kiosk - Mogo - ?? | Y7: FALSE | Z7: FALSE
A8: RK | B8: =vlookup(A8,'List of Chargers'!$A$2:$B$5,2,FALSE) -> Roam Kiosk | C8: KE | D8: NBI | E8: A | F8: 06 | G8: =CONCATENATE("#",A8,"-",C8,"-",D8,"-",E8,"-",F8,) -> #RK-KE-NBI-A-06 | H8: =concatenate(G8) -> #RK-KE-NBI-A-06 | L8: =B8&" - "&K8 -> Roam Kiosk - | M8: =CONCATENATE(G8," - Rental Kiosk - ",J8," - ",K8) -> #RK-KE-NBI-A-06 - Rental Kiosk - - | Y8: FALSE | Z8: FALSE
A9: RK | B9: =vlookup(A9,'List of Chargers'!$A$2:$B$5,2,FALSE) -> Roam Kiosk | C9: KE | D9: NBI | E9: A | F9: 07 | G9: =CONCATENATE("#",A9,"-",C9,"-",D9,"-",E9,"-",F9,) -> #RK-KE-NBI-A-07 | H9: =concatenate(G9) -> #RK-KE-NBI-A-07 | L9: =B9&" - "&K9 -> Roam Kiosk - | M9: =CONCATENATE(G9," - Rental Kiosk - ",J9," - ",K9) -> #RK-KE-NBI-A-07 - Rental Kiosk - - | Y9: FALSE | Z9: FALSE
A10: RK | B10: =vlookup(A10,'List of Chargers'!$A$2:$B$5,2,FALSE) -> Roam Kiosk | C10: KE | D10: NBI | E10: A | F10: 08 | G10: =CONCATENATE("#",A10,"-",C10,"-",D10,"-",E10,"-",F10,) -> #RK-KE-NBI-A-08 | H10: =concatenate(G10) -> #RK-KE-NBI-A-08 | L10: =B10&" - "&K10 -> Roam Kiosk - | M10: =CONCATENATE(G10," - Rental Kiosk - ",J10," - ",K10) -> #RK-KE-NBI-A-08 - Rental Kiosk - - | Y10: FALSE | Z10: FALSE
A11: RK | B11: =vlookup(A11,'List of Chargers'!$A$2:$B$5,2,FALSE) -> Roam Kiosk | C11: KE | D11: NBI | E11: A | F11: 09 | G11: =CONCATENATE("#",A11,"-",C11,"-",D11,"-",E11,"-",F11,) -> #RK-KE-NBI-A-09 | H11: =concatenate(G11) -> #RK-KE-NBI-A-09 | L11: =B11&" - "&K11 -> Roam Kiosk - | M11: =CONCATENATE(G11," - Rental Kiosk - ",J11," - ",K11) -> #RK-KE-NBI-A-09 - Rental Kiosk - - | Y11: FALSE | Z11: FALSE
A12: RK | B12: =vlookup(A12,'List of Chargers'!$A$2:$B$5,2,FALSE) -> Roam Kiosk | C12: KE | D12: NBI | E12: A | F12: 10 | G12: =CONCATENATE("#",A12,"-",C12,"-",D12,"-",E12,"-",F12,) -> #RK-KE-NBI-A-10 | H12: =concatenate(G12) -> #RK-KE-NBI-A-10 | L12: =B12&" - "&K12 -> Roam Kiosk - | M12: =CONCATENATE(G12," - Rental Kiosk - ",J12," - ",K12) -> #RK-KE-NBI-A-10 - Rental Kiosk - - | Y12: FALSE | Z12: FALSE
A13: RK | B13: =vlookup(A13,'List of Chargers'!$A$2:$B$5,2,FALSE) -> Roam Kiosk | C13: KE | D13: NBI | E13: A | F13: 11 | G13: =CONCATENATE("#",A13,"-",C13,"-",D13,"-",E13,"-",F13,) -> #RK-KE-NBI-A-11 | H13: =concatenate(G13) -> #RK-KE-NBI-A-11 | L13: =B13&" - "&K13 -> Roam Kiosk - | M13: =CONCATENATE(G13," - Rental Kiosk - ",J13," - ",K13) -> #RK-KE-NBI-A-11 - Rental Kiosk - - | Y13: FALSE | Z13: FALSE
A14: RK | B14: =vlookup(A14,'List of Chargers'!$A$2:$B$5,2,FALSE) -> Roam Kiosk | C14: KE | D14: NBI | E14: A | F14: 12 | G14: =CONCATENATE("#",A14,"-",C14,"-",D14,"-",E14,"-",F14,) -> #RK-KE-NBI-A-12 | H14: =concatenate(G14) -> #RK-KE-NBI-A-12 | L14: =B14&" - "&K14 -> Roam Kiosk - | M14: =CONCATENATE(G14," - Rental Kiosk - ",J14," - ",K14) -> #RK-KE-NBI-A-12 - Rental Kiosk - - | Y14: FALSE | Z14: FALSE
A15: RK | B15: =vlookup(A15,'List of Chargers'!$A$2:$B$5,2,FALSE) -> Roam Kiosk | C15: KE | D15: NBI | E15: A | F15: 13 | G15: =CONCATENATE("#",A15,"-",C15,"-",D15,"-",E15,"-",F15,) -> #RK-KE-NBI-A-13 | H15: =concatenate(G15) -> #RK-KE-NBI-A-13 | L15: =B15&" - "&K15 -> Roam Kiosk - | M15: =CONCATENATE(G15," - Rental Kiosk - ",J15," - ",K15) -> #RK-KE-NBI-A-13 - Rental Kiosk - - | Y15: FALSE | Z15: FALSE
A16: RK | B16: =vlookup(A16,'List of Chargers'!$A$2:$B$5,2,FALSE) -> Roam Kiosk | C16: KE | D16: NBI | E16: A | F16: 14 | G16: =CONCATENATE("#",A16,"-",C16,"-",D16,"-",E16,"-",F16,) -> #RK-KE-NBI-A-14 | H16: =concatenate(G16) -> #RK-KE-NBI-A-14 | L16: =B16&" - "&K16 -> Roam Kiosk - | M16: =CONCATENATE(G16," - Rental Kiosk - ",J16," - ",K16) -> #RK-KE-NBI-A-14 - Rental Kiosk - - | Y16: FALSE | Z16: FALSE
A17: RK | B17: =vlookup(A17,'List of Chargers'!$A$2:$B$5,2,FALSE) -> Roam Kiosk | C17: KE | D17: NBI | E17: A | F17: 15 | G17: =CONCATENATE("#",A17,"-",C17,"-",D17,"-",E17,"-",F17,) -> #RK-KE-NBI-A-15 | H17: =concatenate(G17) -> #RK-KE-NBI-A-15 | L17: =B17&" - "&K17 -> Roam Kiosk - | M17: =CONCATENATE(G17," - Rental Kiosk - ",J17," - ",K17) -> #RK-KE-NBI-A-15 - Rental Kiosk - - | Y17: FALSE | Z17: FALSE
A18: RK | B18: =vlookup(A18,'List of Chargers'!$A$2:$B$5,2,FALSE) -> Roam Kiosk | C18: KE | D18: NBI | E18: A | F18: 16 | G18: =CONCATENATE("#",A18,"-",C18,"-",D18,"-",E18,"-",F18,) -> #RK-KE-NBI-A-16 | H18: =concatenate(G18) -> #RK-KE-NBI-A-16 | L18: =B18&" - "&K18 -> Roam Kiosk - | M18: =CONCATENATE(G18," - Rental Kiosk - ",J18," - ",K18) -> #RK-KE-NBI-A-16 - Rental Kiosk - - | Y18: FALSE | Z18: FALSE
A19: RK | B19: =vlookup(A19,'List of Chargers'!$A$2:$B$5,2,FALSE) -> Roam Kiosk | C19: KE | D19: NBI | E19: A | F19: 17 | G19: =CONCATENATE("#",A19,"-",C19,"-",D19,"-",E19,"-",F19,) -> #RK-KE-NBI-A-17 | H19: =concatenate(G19) -> #RK-KE-NBI-A-17 | L19: =B19&" - "&K19 -> Roam Kiosk - | M19: =CONCATENATE(G19," - Rental Kiosk - ",J19," - ",K19) -> #RK-KE-NBI-A-17 - Rental Kiosk - - | Y19: FALSE | Z19: FALSE
... A22: RK | B22: =vlookup(A22,'List of Chargers'!$A$2:$B$5,2,FALSE) -> Roam Kiosk | C22: KE | D22: NBI | E22: A | F22: 20 | G22: =CONCATENATE("#",A22,"-",C22,"-",D22,"-",E22,"-",F22,) -> #RK-KE-NBI-A-20 | H22: =concatenate(G22) -> #RK-KE-NBI-A-20 | L22: =B22&" - "&K22 -> Roam Kiosk - | M22: =CONCATENATE(G22," - Rental Kiosk - ",J22," - ",K22) -> #RK-KE-NBI-A-20 - Rental Kiosk - - | Y22: FALSE | Z22: FALSE
A23: RK | B23: =vlookup(A23,'List of Chargers'!$A$2:$B$5,2,FALSE) -> Roam Kiosk | C23: KE | D23: NBI | E23: A | F23: 21 | G23: =CONCATENATE("#",A23,"-",C23,"-",D23,"-",E23,"-",F23,) -> #RK-KE-NBI-A-21 | H23: =concatenate(G23) -> #RK-KE-NBI-A-21 | L23: =B23&" - "&K23 -> Roam Kiosk - | M23: =CONCATENATE(G23," - Rental Kiosk - ",J23," - ",K23) -> #RK-KE-NBI-A-21 - Rental Kiosk - -
A24: RK | B24: =vlookup(A24,'List of Chargers'!$A$2:$B$5,2,FALSE) -> Roam Kiosk | C24: KE | D24: NBI | E24: A | F24: 22 | G24: =CONCATENATE("#",A24,"-",C24,"-",D24,"-",E24,"-",F24,) -> #RK-KE-NBI-A-22 | H24: =concatenate(G24) -> #RK-KE-NBI-A-22 | L24: =B24&" - "&K24 -> Roam Kiosk - | M24: =CONCATENATE(G24," - Rental Kiosk - ",J24," - ",K24) -> #RK-KE-NBI-A-22 - Rental Kiosk - -
A25: RK | B25: =vlookup(A25,'List of Chargers'!$A$2:$B$5,2,FALSE) -> Roam Kiosk | C25: KE | D25: NBI | E25: A | F25: 23 | G25: =CONCATENATE("#",A25,"-",C25,"-",D25,"-",E25,"-",F25,) -> #RK-KE-NBI-A-23 | H25: =concatenate(G25) -> #RK-KE-NBI-A-23 | L25: =B25&" - "&K25 -> Roam Kiosk - | M25: =CONCATENATE(G25," - Rental Kiosk - ",J25," - ",K25) -> #RK-KE-NBI-A-23 - Rental Kiosk - -
A26: RK | B26: =vlookup(A26,'List of Chargers'!$A$2:$B$5,2,FALSE) -> Roam Kiosk | C26: KE | D26: NBI | E26: A | F26: 24 | G26: =CONCATENATE("#",A26,"-",C26,"-",D26,"-",E26,"-",F26,) -> #RK-KE-NBI-A-24 | H26: =concatenate(G26) -> #RK-KE-NBI-A-24 | L26: =B26&" - "&K26 -> Roam Kiosk - | M26: =CONCATENATE(G26," - Rental Kiosk - ",J26," - ",K26) -> #RK-KE-NBI-A-24 - Rental Kiosk - -
A27: RK | B27: =vlookup(A27,'List of Chargers'!$A$2:$B$5,2,FALSE) -> Roam Kiosk | C27: KE | D27: NBI | E27: A | F27: 25 | G27: =CONCATENATE("#",A27,"-",C27,"-",D27,"-",E27,"-",F27,) -> #RK-KE-NBI-A-25 | H27: =concatenate(G27) -> #RK-KE-NBI-A-25 | L27: =B27&" - "&K27 -> Roam Kiosk - | M27: =CONCATENATE(G27," - Rental Kiosk - ",J27," - ",K27) -> #RK-KE-NBI-A-25 - Rental Kiosk - -
A28: RK | B28: =vlookup(A28,'List of Chargers'!$A$2:$B$5,2,FALSE) -> Roam Kiosk | C28: KE | D28: NBI | E28: A | F28: 26 | G28: =CONCATENATE("#",A28,"-",C28,"-",D28,"-",E28,"-",F28,) -> #RK-KE-NBI-A-26 | H28: =concatenate(G28) -> #RK-KE-NBI-A-26 | L28: =B28&" - "&K28 -> Roam Kiosk - | M28: =CONCATENATE(G28," - Rental Kiosk - ",J28," - ",K28) -> #RK-KE-NBI-A-26 - Rental Kiosk - -
A29: RK | B29: =vlookup(A29,'List of Chargers'!$A$2:$B$5,2,FALSE) -> Roam Kiosk | C29: KE | D29: NBI | E29: A | F29: 27 | G29: =CONCATENATE("#",A29,"-",C29,"-",D29,"-",E29,"-",F29,) -> #RK-KE-NBI-A-27 | H29: =concatenate(G29) -> #RK-KE-NBI-A-27 | L29: =B29&" - "&K29 -> Roam Kiosk - | M29: =CONCATENATE(G29," - Rental Kiosk - ",J29," - ",K29) -> #RK-KE-NBI-A-27 - Rental Kiosk - -
A30: RK | B30: =vlookup(A30,'List of Chargers'!$A$2:$B$5,2,FALSE) -> Roam Kiosk | C30: KE | D30: NBI | E30: A | F30: 28 | G30: =CONCATENATE("#",A30,"-",C30,"-",D30,"-",E30,"-",F30,) -> #RK-KE-NBI-A-28 | H30: =concatenate(G30) -> #RK-KE-NBI-A-28 | L30: =B30&" - "&K30 -> Roam Kiosk - | M30: =CONCATENATE(G30," - Rental Kiosk - ",J30," - ",K30) -> #RK-KE-NBI-A-28 - Rental Kiosk - -
A31: RK | B31: =vlookup(A31,'List of Chargers'!$A$2:$B$5,2,FALSE) -> Roam Kiosk | C31: KE | D31: NBI | E31: A | F31: 29 | G31: =CONCATENATE("#",A31,"-",C31,"-",D31,"-",E31,"-",F31,) -> #RK-KE-NBI-A-29 | H31: =concatenate(G31) -> #RK-KE-NBI-A-29 | L31: =B31&" - "&K31 -> Roam Kiosk - | M31: =CONCATENATE(G31," - Rental Kiosk - ",J31," - ",K31) -> #RK-KE-NBI-A-29 - Rental Kiosk - -
A32: RK | B32: =vlookup(A32,'List of Chargers'!$A$2:$B$5,2,FALSE) -> Roam Kiosk | C32: KE | D32: NBI | E32: A | F32: 30 | G32: =CONCATENATE("#",A32,"-",C32,"-",D32,"-",E32,"-",F32,) -> #RK-KE-NBI-A-30 | H32: =concatenate(G32) -> #RK-KE-NBI-A-30 | L32: =B32&" - "&K32 -> Roam Kiosk - | M32: =CONCATENATE(G32," - Rental Kiosk - ",J32," - ",K32) -> #RK-KE-NBI-A-30 - Rental Kiosk - -
A33: RK | B33: =vlookup(A33,'List of Chargers'!$A$2:$B$5,2,FALSE) -> Roam Kiosk | C33: KE | D33: NBI | E33: A | F33: 31 | G33: =CONCATENATE("#",A33,"-",C33,"-",D33,"-",E33,"-",F33,) -> #RK-KE-NBI-A-31 | H33: =concatenate(G33) -> #RK-KE-NBI-A-31 | L33: =B33&" - "&K33 -> Roam Kiosk - | M33: =CONCATENATE(G33," - Rental Kiosk - ",J33," - ",K33) -> #RK-KE-NBI-A-31 - Rental Kiosk - -
A34: RK | B34: =vlookup(A34,'List of Chargers'!$A$2:$B$5,2,FALSE) -> Roam Kiosk | C34: KE | D34: NBI | E34: A | F34: 32 | G34: =CONCATENATE("#",A34,"-",C34,"-",D34,"-",E34,"-",F34,) -> #RK-KE-NBI-A-32 | H34: =concatenate(G34) -> #RK-KE-NBI-A-32 | L34: =B34&" - "&K34 -> Roam Kiosk - | M34: =CONCATENATE(G34," - Rental Kiosk - ",J34," - ",K34) -> #RK-KE-NBI-A-32 - Rental Kiosk - -
A35: RK | B35: =vlookup(A35,'List of Chargers'!$A$2:$B$5,2,FALSE) -> Roam Kiosk | C35: KE | D35: NBI | E35: A | F35: 33 | G35: =CONCATENATE("#",A35,"-",C35,"-",D35,"-",E35,"-",F35,) -> #RK-KE-NBI-A-33 | H35: =concatenate(G35) -> #RK-KE-NBI-A-33 | L35: =B35&" - "&K35 -> Roam Kiosk - | M35: =CONCATENATE(G35," - Rental Kiosk - ",J35," - ",K35) -> #RK-KE-NBI-A-33 - Rental Kiosk - -

Sheet KE County Codes
A1: Code | B1: County | C1: Headquarters/ capital | D1: Postal abbreviations
A2: 1 | B2: Mombasa | C2: Mombasa | D2: MSA
A3: 2 | B3: Kwale | C3: Kwale | D3: KWL
A4: 3 | B4: Kilifi | C4: Kilifi | D4: KLF
A5: 4 | B5: Tana River | C5: Hola | D5: TRV
A6: 5 | B6: Lamu | C6: Lamu | D6: LMU
A7: 6 | B7: Taita–Taveta | C7: Mwatate | D7: TVT
A8: 7 | B8: Garissa | C8: Garissa | D8: GRS
A9: 8 | B9: Wajir | C9: Wajir | D9: WJR
A10: 9 | B10: Mandera | C10: Mandera | D10: MDR
A11: 10 | B11: Marsabit | C11: Marsabit | D11: MRS
A12: 11 | B12: Isiolo | C12: Isiolo | D12: ISL
A13: 12 | B13: Meru | C13: Meru | D13: MRU
... A48: 47 | B48: Nairobi | C48: Nairobi | D48: NBI

Sheet FO Project Code
B2: FO-XXX-YY#OUTLET/CHARGER-ID | F2: Link to Field Ops Setup from Dynamics
B4: FO | C4: Field Operation
B5: XXX | C5: Regional ISO Code
B6: YY | C6: Area Number
B8: EXAMPLE
B10: FO-NBI-01#RH-KE-NBI-A-01
B12: FO | C12: Field Operations
B13: NBI | C13: Nairobi Region
B14: 01 | C14: Area 01
B15: #
B16: RH | C16: Roam Hub
B17: KE | C17: Kenya
B18: A | C18: Increment A
B19: 01 | C19: Increment 01
B21: LIST OF REGIONS
B23: Regions | C23: Regions Name
B24: NBI | C24: Greater Nairobi
B27: LIST OF AREAS
B29: Regions | C29: Areas | D29: Prefix | E29: Areas Name
B30: NBI | C30: 01 | D30: =CONCATENATE("FO-",B30,"-",TEXT(C30,"00")) -> FO-NBI-01 | E30: Nairobi Central
B31: NBI | C31: 02 | D31: =CONCATENATE("FO-",B31,"-",TEXT(C31,"00")) -> FO-NBI-02 | E31: Thika
B32: NBI | C32: 03 | D32: =CONCATENATE("FO-",B32,"-",TEXT(C32,"00")) -> FO-NBI-03 | E32: Machakos
B33: NBI | C33: 04 | D33: =CONCATENATE("FO-",B33,"-",TEXT(C33,"00")) -> FO-NBI-04 | E33: Ngong
B34: NBI | C34: 05 | D34: =CONCATENATE("FO-",B34,"-",TEXT(C34,"00")) -> FO-NBI-05 | E34: Kitengela
B35: NBI | C35: 06 | D35: =CONCATENATE("FO-",B35,"-",TEXT(C35,"00")) -> FO-NBI-06 | E35: Rongai / Kiserian

Sheet RH - KE
A1: FIELD OPS ID | C1: OUTLET / ASSET ID | J1: =countif(J3:J502,"Operational") -> 17 | K1: Operational Hubs | L1: Site Information | Q1: Site Manager | S1: Services | U1: =COUNTIFS(U3:U502,TRUE,J3:J502,"Operational") -> 6 | V1: Location Type | X1: Extinguishers | Y1: Serial Numbers | AC1: Safaricom | AE1: Number of Chargers | AL1: KPLC / Power | AP1: Others
A2: Region | B2: Area | C2: Name ID | D2: Asset | E2: Country | F2: Alphabet | G2: No | H2: Roam Charger ID | I2: Dynamics Project Code | J2: Status | K2: Launch Date | L2: Partner | M2: Site Name | N2: Station Name | O2: Long Name | P2: Coordinate | Q2: Full Name | R2: Phone Number | S2: Charging | T2: Rental | U2: After Sales | V2: Container | W2: Shop | X2: Next Date of Control | Y2: 3P Energy Meter | Z2: 1P Energy Meter | AA2: CCTV-interior | AB2: CCTV-exterior | AC2: Direct Line | AD2: 5G Router line | AE2: Total | AF2: Total kW | AG2: 6A | AH2: 9A | AI2: 10A | AJ2: 25A | AK2: 40A | AL2: emobility tarriff | AM2: KPLC Meter | AN2: KPLC Account | AO2: Max kVA | AP2: Ownership | AQ2: Operation | AR2: Battery Rack No. Battery | AS2: Battery Rack Type
A3: NBI | B3: 1 | C3: RH | D3: =vlookup(C3,'List of Chargers'!$A$2:$B$5,2,FALSE) -> Roam Hub | E3: KE | F3: A | G3: 01 | H3: =CONCATENATE("#",C3,"-",E3,"-",F3,"-",G3,) -> #RH-KE-A-01 | I3: =concatenate("FO-",A3,"-",TEXT(B3,"00"),H3) -> FO-NBI-01#RH-KE-A-01 | J3: Operational | K3: 16/01/2025 | L3: TotalEnergies | M3: Outering | N3: =D3&" - "&M3 -> Roam Hub - Outering | O3: =CONCATENATE(I3,": ",N3) -> FO-NBI-01#RH-KE-A-01: Roam Hub - Outering | P3: -1.26955, 36.88024 | Q3: Hardley Sultan | R3: 254723655007 | S3: TRUE | T3: TRUE | U3: FALSE | V3: TRUE | W3: FALSE | Y3: F30F99A0 | Z3: 3BAD8FBE | AA3: FIOJP1906000602 | AB3: FIOJP1906000499 | AC3: 254114930561 | AE3: =sum(AG3:AK3) -> 34 | AF3: =AG3*(6*84/1000)+AH3*(9*84/1000)+AI3*(10*84/1000)+AJ3*(25*84/1000)+AK3*(40*84/1000) -> 40.068 | AH3: 13 | AI3: 11 | AJ3: 10 | AL3: Yes | AM3: 92800552884 | AN3: 167221569 | AP3: Roam Electric Limited | AQ3: Roam Electric Limited
A4: NBI | B4: 1 | C4: RH | D4: =vlookup(C4,'List of Chargers'!$A$2:$B$5,2,FALSE) -> Roam Hub | E4: KE | F4: A | G4: 02 | H4: =CONCATENATE("#",C4,"-",E4,"-",F4,"-",G4,) -> #RH-KE-A-02 | I4: =concatenate("FO-",A4,"-",TEXT(B4,"00"),H4) -> FO-NBI-01#RH-KE-A-02 | J4: Operational | K4: 44931 | L4: TotalEnergies | M4: Wayaki Way | N4: =D4&" - "&M4 -> Roam Hub - Wayaki Way | O4: =CONCATENATE(I4,": ",N4) -> FO-NBI-01#RH-KE-A-02: Roam Hub - Wayaki Way | P4: -1.258610, 36.781386 | Q4: Edwin Kimani | R4: 254727204078 | S4: TRUE | T4: TRUE | U4: TRUE | V4: TRUE | W4: FALSE | AC4: 254113585123 | AE4: =sum(AG4:AK4) -> 36 | AF4: =AG4*(6*84/1000)+AH4*(9*84/1000)+AI4*(10*84/1000)+AJ4*(25*84/1000)+AK4*(40*84/1000) -> 36.036 | AG4: 2 | AH4: 13 | AI4: 15 | AJ4: 6 | AL4: Yes | AM4: 25700631580 | AN4: 163042330 | AP4: Roam Electric Limited | AQ4: Roam Electric Limited
A5: NBI | B5: 1 | C5: RH | D5: =vlookup(C5,'List of Chargers'!$A$2:$B$5,2,FALSE) -> Roam Hub | E5: KE | F5: A | G5: 03 | H5: =CONCATENATE("#",C5,"-",E5,"-",F5,"-",G5,) -> #RH-KE-A-03 | I5: =concatenate("FO-",A5,"-",TEXT(B5,"00"),H5) -> FO-NBI-01#RH-KE-A-03 | J5: Operational | K5: 45296 | L5: Sahara Energy | M5: Kayole | N5: =D5&" - "&M5 -> Roam Hub - Kayole | O5: =CONCATENATE(I5,": ",N5) -> FO-NBI-01#RH-KE-A-03: Roam Hub - Kayole | P5: -1.28173, 36.9052 | Q5: Anthony Mugash | R5: 254721461560 | S5: TRUE | T5: TRUE | U5: TRUE | V5: TRUE | W5: FALSE | AC5: 254700010315 | AE5: =sum(AG5:AK5) -> 37 | AF5: =AG5*(6*84/1000)+AH5*(9*84/1000)+AI5*(10*84/1000)+AJ5*(25*84/1000)+AK5*(40*84/1000) -> 42.84 | AH5: 10 | AI5: 17 | AJ5: 10 | AL5: Yes | AM5: 25700954479 | AN5: 161712787 | AP5: Roam Electric Limited | AQ5: Roam Electric Limited
A6: NBI | B6: 1 | C6: RH | D6: =vlookup(C6,'List of Chargers'!$A$2:$B$5,2,FALSE) -> Roam Hub | E6: KE | F6: A | G6: 04 | H6: =CONCATENATE("#",C6,"-",E6,"-",F6,"-",G6,) -> #RH-KE-A-04 | I6: =concatenate("FO-",A6,"-",TEXT(B6,"00"),H6) -> FO-NBI-01#RH-KE-A-04 | J6: Operational | K6: 44929 | L6: TotalEnergies | M6: Lusaka Road | N6: =D6&" - "&M6 -> Roam Hub - Lusaka Road | O6: =CONCATENATE(I6,": ",N6) -> FO-NBI-01#RH-KE-A-04: Roam Hub - Lusaka Road | P6: -1.301257, 36.833013 | Q6: Moses Masibayi | R6: 254724051752 | S6: TRUE | T6: TRUE | U6: FALSE | V6: TRUE | W6: FALSE | AC6: 254745145482 | AE6: =sum(AG6:AK6) -> 38 | AF6: =AG6*(6*84/1000)+AH6*(9*84/1000)+AI6*(10*84/1000)+AJ6*(25*84/1000)+AK6*(40*84/1000) -> 38.388 | AH6: 13 | AI6: 19 | AJ6: 6 | AL6: Yes | AM6: 25700599993 | AN6: 163042405 | AP6: Roam Electric Limited | AQ6: Roam Electric Limited
A7: NBI | B7: 1 | C7: RH | D7: =vlookup(C7,'List of Chargers'!$A$2:$B$5,2,FALSE) -> Roam Hub | E7: KE | F7: A | G7: 05 | H7: =CONCATENATE("#",C7,"-",E7,"-",F7,"-",G7,) -> #RH-KE-A-05 | I7: =concatenate("FO-",A7,"-",TEXT(B7,"00"),H7) -> FO-NBI-01#RH-KE-A-05 | J7: Operational | K7: 44938 | L7: Quickmart | M7: Roysambu | N7: =D7&" - "&M7 -> Roam Hub - Roysambu | O7: =CONCATENATE(I7,": ",N7) -> FO-NBI-01#RH-KE-A-05: Roam Hub - Roysambu | P7: -1.21521, 36.89175 | Q7: George Chege | R7: 254700838383 | S7: TRUE | T7: TRUE | U7: FALSE | V7: TRUE | W7: FALSE | AC7: 254111917217 | AE7: =sum(AG7:AK7) -> 42 | AF7: =AG7*(6*84/1000)+AH7*(9*84/1000)+AI7*(10*84/1000)+AJ7*(25*84/1000)+AK7*(40*84/1000) -> 47.88 | AI7: 32 | AJ7: 10 | AL7: Yes | AM7: 92802562857 | AN7: 177073766 | AP7: Roam Electric Limited | AQ7: Roam Electric Limited
A8: NBI | B8: 1 | C8: RH | D8: =vlookup(C8,'List of Chargers'!$A$2:$B$5,2,FALSE) -> Roam Hub | E8: KE | F8: A | G8: 06 | H8: =CONCATENATE("#",C8,"-",E8,"-",F8,"-",G8,) -> #RH-KE-A-06 | I8: =concatenate("FO-",A8,"-",TEXT(B8,"00"),H8) -> FO-NBI-01#RH-KE-A-06 | J8: Operational | K8: 45573 | L8: TotalEnergies | M8: Sabaki | N8: =D8&" - "&M8 -> Roam Hub - Sabaki | O8: =CONCATENATE(I8,": ",N8) -> FO-NBI-01#RH-KE-A-06: Roam Hub - Sabaki | P8: -1.41952, 36.95438 | R8: 254114930589 | S8: TRUE | T8: TRUE | U8: FALSE | V8: TRUE | W8: FALSE | AE8: =sum(AG8:AK8) -> 24 | AF8: =AG8*(6*84/1000)+AH8*(9*84/1000)+AI8*(10*84/1000)+AJ8*(25*84/1000)+AK8*(40*84/1000) -> 27.72 | AI8: 18 | AJ8: 6 | AL8: Yes | AM8: 92800485606 | AN8: 175846847 | AP8: Roam Electric Limited | AQ8: Roam Electric Limited
A9: NBI | B9: 1 | C9: RH | D9: =vlookup(C9,'List of Chargers'!$A$2:$B$5,2,FALSE) -> Roam Hub | E9: KE | F9: A | G9: 07 | H9: =CONCATENATE("#",C9,"-",E9,"-",F9,"-",G9,) -> #RH-KE-A-07 | I9: =concatenate("FO-",A9,"-",TEXT(B9,"00"),H9) -> FO-NBI-01#RH-KE-A-07 | J9: Operational | K9: 45300 | L9: Shell | M9: Forest Road | N9: =D9&" - "&M9 -> Roam Hub - Forest Road | O9: =CONCATENATE(I9,": ",N9) -> FO-NBI-01#RH-KE-A-07: Roam Hub - Forest Road | P9: -1.26773, 36.83114 | Q9: Palawaan Bhadrika | R9: 254722528051 | S9: TRUE | T9: TRUE | U9: FALSE | V9: TRUE | W9: FALSE | AC9: 254112685256 | AE9: =sum(AG9:AK9) -> 30 | AF9: =AG9*(6*84/1000)+AH9*(9*84/1000)+AI9*(10*84/1000)+AJ9*(25*84/1000)+AK9*(40*84/1000) -> 31.668 | AH9: 13 | AI9: 11 | AJ9: 6 | AL9: No | AP9: Roam Electric Limited | AQ9: Roam Electric Limited
A10: NBI | B10: 1 | C10: RH | D10: =vlookup(C10,'List of Chargers'!$A$2:$B$5,2,FALSE) -> Roam Hub | E10: KE | F10: A | G10: 08 | H10: =CONCATENATE("#",C10,"-",E10,"-",F10,"-",G10,) -> #RH-KE-A-08 | I10: =concatenate("FO-",A10,"-",TEXT(B10,"00"),H10) -> FO-NBI-01#RH-KE-A-08 | J10: Operational | K10: 45717 | L10: TotalEnergies | M10: Karambee | N10: =D10&" - "&M10 -> Roam Hub - Karambee | O10: =CONCATENATE(I10,": ",N10) -> FO-NBI-01#RH-KE-A-08: Roam Hub - Karambee | P10: -1.26673, 36.84522 | R10: 254117473213 | S10: TRUE | T10: TRUE | U10: FALSE | V10: TRUE | W10: FALSE | AC10: 254117473213 | AE10: =sum(AG10:AK10) -> 31 | AF10: =AG10*(6*84/1000)+AH10*(9*84/1000)+AI10*(10*84/1000)+AJ10*(25*84/1000)+AK10*(40*84/1000) -> 37.38 | AH10: 15 | AI10: 6 | AJ10: 10 | AL10: No | AM10: 92800562289 | AN10: 169093444 | AP10: Roam Electric Limited | AQ10: Roam Electric Limited
A11: NBI | B11: 1 | C11: RH | D11: =vlookup(C11,'List of Chargers'!$A$2:$B$5,2,FALSE) -> Roam Hub | E11: KE | F11: A | G11: 09 | H11: =CONCATENATE("#",C11,"-",E11,"-",F11,"-",G11,) -> #RH-KE-A-09 | I11: =concatenate("FO-",A11,"-",TEXT(B11,"00"),H11) -> FO-NBI-01#RH-KE-A-09 | J11: Construction | K11: Container 2 | L11: Oryx | M11: Oryx Ruai | N11: =D11&" - "&M11 -> Roam Hub - Oryx Ruai | O11: =CONCATENATE(I11,": ",N11) -> FO-NBI-01#RH-KE-A-09: Roam Hub - Oryx Ruai | P11: -1.25481, 36.98606 | S11: TRUE | T11: TRUE | U11: FALSE | V11: TRUE | W11: FALSE | AE11: =sum(AG11:AK11) -> 0 | AF11: =AG11*(6*84/1000)+AH11*(9*84/1000)+AI11*(10*84/1000)+AJ11*(25*84/1000)+AK11*(40*84/1000) -> 0 | AL11: No | AP11: Roam Electric Limited | AQ11: Roam Electric Limited
A12: NBI | B12: 3 | C12: RH | D12: =vlookup(C12,'List of Chargers'!$A$2:$B$5,2,FALSE) -> Roam Hub | E12: KE | F12: A | G12: 10 | H12: =CONCATENATE("#",C12,"-",E12,"-",F12,"-",G12,) -> #RH-KE-A-10 | I12: =concatenate("FO-",A12,"-",TEXT(B12,"00"),H12) -> FO-NBI-03#RH-KE-A-10 | J12: Operational | L12: Stanchard | M12: Machakos Town | N12: =D12&" - "&M12 -> Roam Hub - Machakos Town | O12: =CONCATENATE(I12,": ",N12) -> FO-NBI-03#RH-KE-A-10: Roam Hub - Machakos Town | P12: -1.51997, 37.26909 | S12: TRUE | T12: TRUE | U12: FALSE | V12: TRUE | W12: FALSE | AE12: =sum(AG12:AK12) -> 16 | AF12: =AG12*(6*84/1000)+AH12*(9*84/1000)+AI12*(10*84/1000)+AJ12*(25*84/1000)+AK12*(40*84/1000) -> 21 | AI12: 10 | AJ12: 6 | AL12: No | AP12: Roam Electric Limited | AQ12: Roam Electric Limited
A13: NBI | B13: 1 | C13: RH | D13: =vlookup(C13,'List of Chargers'!$A$2:$B$5,2,FALSE) -> Roam Hub | E13: KE | F13: A | G13: 11 | H13: =CONCATENATE("#",C13,"-",E13,"-",F13,"-",G13,) -> #RH-KE-A-11 | I13: =concatenate("FO-",A13,"-",TEXT(B13,"00"),H13) -> FO-NBI-01#RH-KE-A-11 | J13: Operational | K13: 15/11/2025 | L13: Rubis | M13: Ojijo | N13: =D13&" - "&M13 -> Roam Hub - Ojijo | O13: =CONCATENATE(I13,": ",N13) -> FO-NBI-01#RH-KE-A-11: Roam Hub - Ojijo | P13: -1.2671, 36.81175 | S13: TRUE | T13: TRUE | U13: FALSE | V13: TRUE | W13: FALSE | AE13: =sum(AG13:AK13) -> 30 | AF13: =AG13*(6*84/1000)+AH13*(9*84/1000)+AI13*(10*84/1000)+AJ13*(25*84/1000)+AK13*(40*84/1000) -> 31.92 | AH13: 10 | AI13: 14 | AJ13: 6 | AL13: No | AM13: 92800546290 | AN13: 179263787 | AP13: Roam Electric Limited | AQ13: Roam Electric Limited
A14: NBI | C14: RH | D14: =vlookup(C14,'List of Chargers'!$A$2:$B$5,2,FALSE) -> Roam Hub | E14: KE | F14: A | G14: 12 | H14: =CONCATENATE("#",C14,"-",E14,"-",F14,"-",G14,) -> #RH-KE-A-12 | I14: =concatenate("FO-",A14,"-",TEXT(B14,"00"),H14) -> FO-NBI-00#RH-KE-A-12 | K14: Container 3 | N14: =D14&" - "&M14 -> Roam Hub - | O14: =CONCATENATE(I14,": ",N14) -> FO-NBI-00#RH-KE-A-12: Roam Hub - | S14: TRUE | T14: TRUE | U14: FALSE | V14: TRUE | W14: FALSE | AE14: =sum(AG14:AK14) -> 0 | AF14: =AG14*(6*84/1000)+AH14*(9*84/1000)+AI14*(10*84/1000)+AJ14*(25*84/1000)+AK14*(40*84/1000) -> 0
A15: NBI | C15: RH | D15: =vlookup(C15,'List of Chargers'!$A$2:$B$5,2,FALSE) -> Roam Hub | E15: KE | F15: A | G15: 13 | H15: =CONCATENATE("#",C15,"-",E15,"-",F15,"-",G15,) -> #RH-KE-A-13 | I15: =concatenate("FO-",A15,"-",TEXT(B15,"00"),H15) -> FO-NBI-00#RH-KE-A-13 | N15: =D15&" - "&M15 -> Roam Hub - | O15: =CONCATENATE(I15,": ",N15) -> FO-NBI-00#RH-KE-A-13: Roam Hub - | S15: FALSE | T15: FALSE | U15: FALSE | V15: TRUE | W15: FALSE | AE15: =sum(AG15:AK15) -> 0 | AF15: =AG15*(6*84/1000)+AH15*(9*84/1000)+AI15*(10*84/1000)+AJ15*(25*84/1000)+AK15*(40*84/1000) -> 0
A16: NBI | C16: RH | D16: =vlookup(C16,'List of Chargers'!$A$2:$B$5,2,FALSE) -> Roam Hub | E16: KE | F16: A | G16: 14 | H16: =CONCATENATE("#",C16,"-",E16,"-",F16,"-",G16,) -> #RH-KE-A-14 | I16: =concatenate("FO-",A16,"-",TEXT(B16,"00"),H16) -> FO-NBI-00#RH-KE-A-14 | N16: =D16&" - "&M16 -> Roam Hub - | O16: =CONCATENATE(I16,": ",N16) -> FO-NBI-00#RH-KE-A-14: Roam Hub - | S16: FALSE | T16: FALSE | U16: FALSE | V16: TRUE | W16: FALSE | AE16: =sum(AG16:AK16) -> 0 | AF16: =AG16*(6*84/1000)+AH16*(9*84/1000)+AI16*(10*84/1000)+AJ16*(25*84/1000)+AK16*(40*84/1000) -> 0
A17: NBI | C17: RH | D17: =vlookup(C17,'List of Chargers'!$A$2:$B$5,2,FALSE) -> Roam Hub | E17: KE | F17: A | G17: 15 | H17: =CONCATENATE("#",C17,"-",E17,"-",F17,"-",G17,) -> #RH-KE-A-15 | I17: =concatenate("FO-",A17,"-",TEXT(B17,"00"),H17) -> FO-NBI-00#RH-KE-A-15 | N17: =D17&" - "&M17 -> Roam Hub - | O17: =CONCATENATE(I17,": ",N17) -> FO-NBI-00#RH-KE-A-15: Roam Hub - | S17: FALSE | T17: FALSE | U17: FALSE | V17: TRUE | W17: FALSE | AE17: =sum(AG17:AK17) -> 0 | AF17: =AG17*(6*84/1000)+AH17*(9*84/1000)+AI17*(10*84/1000)+AJ17*(25*84/1000)+AK17*(40*84/1000) -> 0
A18: NBI | B18: 1 | C18: RH | D18: =vlookup(C18,'List of Chargers'!$A$2:$B$5,2,FALSE) -> Roam Hub | E18: KE | F18: A | G18: 16 | H18: =CONCATENATE("#",C18,"-",E18,"-",F18,"-",G18,) -> #RH-KE-A-16 | I18: =concatenate("FO-",A18,"-",TEXT(B18,"00"),H18) -> FO-NBI-01#RH-KE-A-16 | J18: Operational | K18: 17/2/2025 | L18: Roam | M18: Roam Park | N18: =D18&" - "&M18 -> Roam Hub - Roam Park | O18: =CONCATENATE(I18,": ",N18) -> FO-NBI-01#RH-KE-A-16: Roam Hub - Roam Park | P18: -1.33688, 36.8646 | S18: FALSE | T18: FALSE | U18: FALSE | V18: TRUE | W18: FALSE | AE18: =sum(AG18:AK18) -> 18 | AF18: =AG18*(6*84/1000)+AH18*(9*84/1000)+AI18*(10*84/1000)+AJ18*(25*84/1000)+AK18*(40*84/1000) -> 37.8 | AJ18: 18 | AL18: No | AP18: Roam Electric Limited | AQ18: Roam Electric Limited
A19: NBI | B19: 1 | C19: RH | D19: =vlookup(C19,'List of Chargers'!$A$2:$B$5,2,FALSE) -> Roam Hub | E19: KE | F19: A | G19: 17 | H19: =CONCATENATE("#",C19,"-",E19,"-",F19,"-",G19,) -> #RH-KE-A-17 | I19: =concatenate("FO-",A19,"-",TEXT(B19,"00"),H19) -> FO-NBI-01#RH-KE-A-17 | J19: Operational | K19: 28/11/2024 | L19: Roam | M19: Suguta | N19: =D19&" - "&M19 -> Roam Hub - Suguta | O19: =CONCATENATE(I19,": ",N19) -> FO-NBI-01#RH-KE-A-17: Roam Hub - Suguta | P19: -1.28777, 36.77884 | Q19: Nasri Sahal | R19: 724148162 | S19: TRUE | T19: TRUE | U19: FALSE | V19: FALSE | W19: TRUE | AC19: 254704264393 | AE19: =sum(AG19:AK19) -> 60 | AF19: =AG19*(6*84/1000)+AH19*(9*84/1000)+AI19*(10*84/1000)+AJ19*(25*84/1000)+AK19*(40*84/1000) -> 53.508 | AG19: 6 | AH19: 29 | AI19: 19 | AJ19: 6 | AL19: No | AP19: Roam Electric Limited | AQ19: Roam Electric Limited
A20: NBI | B20: 1 | C20: RH | D20: =vlookup(C20,'List of Chargers'!$A$2:$B$5,2,FALSE) -> Roam Hub | E20: KE | F20: A | G20: 18 | H20: =CONCATENATE("#",C20,"-",E20,"-",F20,"-",G20,) -> #RH-KE-A-18 | I20: =concatenate("FO-",A20,"-",TEXT(B20,"00"),H20) -> FO-NBI-01#RH-KE-A-18 | K20: Closed | L20: Greenwheels | M20: GreenWheels HQ | N20: =D20&" - "&M20 -> Roam Hub - GreenWheels HQ | O20: =CONCATENATE(I20,": ",N20) -> FO-NBI-01#RH-KE-A-18: Roam Hub - GreenWheels HQ | S20: FALSE | T20: FALSE | U20: FALSE | V20: FALSE | W20: FALSE | AE20: =sum(AG20:AK20) -> 0 | AF20: =AG20*(6*84/1000)+AH20*(9*84/1000)+AI20*(10*84/1000)+AJ20*(25*84/1000)+AK20*(40*84/1000) -> 0
A21: NBI | B21: 2 | C21: RH | D21: =vlookup(C21,'List of Chargers'!$A$2:$B$5,2,FALSE) -> Roam Hub | E21: KE | F21: A | G21: 19 | H21: =CONCATENATE("#",C21,"-",E21,"-",F21,"-",G21,) -> #RH-KE-A-19 | I21: =concatenate("FO-",A21,"-",TEXT(B21,"00"),H21) -> FO-NBI-02#RH-KE-A-19 | J21: Operational | K21: 45515 | L21: Roam | M21: Thika Centre | N21: =D21&" - "&M21 -> Roam Hub - Thika Centre | O21: =CONCATENATE(I21,": ",N21) -> FO-NBI-02#RH-KE-A-19: Roam Hub - Thika Centre | P21: -1.03381, 37.07543 | R21: 254704 269168 | S21: TRUE | T21: TRUE | U21: TRUE | V21: FALSE | W21: TRUE | AC21: 254704269168 | AD21: 254724322965 | AE21: =sum(AG21:AK21) -> 15 | AF21: =AG21*(6*84/1000)+AH21*(9*84/1000)+AI21*(10*84/1000)+AJ21*(25*84/1000)+AK21*(40*84/1000) -> 12.6 | AI21: 15 | AL21: Yes | AM21: 92800511104 | AN21: 167723861 | AP21: Roam Electric Limited | AQ21: Roam Electric Limited
A22: NBI | B22: 3 | C22: RH | D22: =vlookup(C22,'List of Chargers'!$A$2:$B$5,2,FALSE) -> Roam Hub | E22: KE | F22: A | G22: 20 | H22: =CONCATENATE("#",C22,"-",E22,"-",F22,"-",G22,) -> #RH-KE-A-20 | I22: =concatenate("FO-",A22,"-",TEXT(B22,"00"),H22) -> FO-NBI-03#RH-KE-A-20 | J22: Operational | K22: 30/04/2025 | L22: TotalEnergies | M22: Machakos Centre | N22: =D22&" - "&M22 -> Roam Hub - Machakos Centre | O22: =CONCATENATE(I22,": ",N22) -> FO-NBI-03#RH-KE-A-20: Roam Hub - Machakos Centre | P22: -1.52782, 37.20929 | R22: 254116879836 | S22: TRUE | T22: TRUE | U22: TRUE | V22: FALSE | W22: TRUE | AE22: =sum(AG22:AK22) -> 10 | AF22: =AG22*(6*84/1000)+AH22*(9*84/1000)+AI22*(10*84/1000)+AJ22*(25*84/1000)+AK22*(40*84/1000) -> 8.4 | AI22: 10 | AL22: No | AM22: 277800051124 | AN22: 179361789 | AP22: Roam Electric Limited | AQ22: Roam Electric Limited
A23: NBI | B23: 1 | C23: RH | D23: =vlookup(C23,'List of Chargers'!$A$2:$B$5,2,FALSE) -> Roam Hub | E23: KE | F23: A | G23: 21 | H23: =CONCATENATE("#",C23,"-",E23,"-",F23,"-",G23,) -> #RH-KE-A-21 | I23: =concatenate("FO-",A23,"-",TEXT(B23,"00"),H23) -> FO-NBI-01#RH-KE-A-21 | J23: Operational | K23: 15/07/2025 | L23: Roam | M23: Narobi Regional Office | N23: =D23&" - "&M23 -> Roam Hub - Narobi Regional Office | O23: =CONCATENATE(I23,": ",N23) -> FO-NBI-01#RH-KE-A-21: Roam Hub - Narobi Regional Office | P23: -1.30187, 36.8332 | S23: TRUE | T23: TRUE | U23: TRUE | V23: FALSE | W23: TRUE | AE23: =sum(AG23:AK23) -> 61 | AF23: =AG23*(6*84/1000)+AH23*(9*84/1000)+AI23*(10*84/1000)+AJ23*(25*84/1000)+AK23*(40*84/1000) -> 51.24 | AI23: 61 | AL23: No | AP23: Roam Electric Limited | AQ23: Roam Electric Limited
A24: NBI | B24: 4 | C24: RH | D24: =vlookup(C24,'List of Chargers'!$A$2:$B$5,2,FALSE) -> Roam Hub | E24: KE | F24: A | G24: 22 | H24: =CONCATENATE("#",C24,"-",E24,"-",F24,"-",G24,) -> #RH-KE-A-22 | I24: =concatenate("FO-",A24,"-",TEXT(B24,"00"),H24) -> FO-NBI-04#RH-KE-A-22 | L24: Roam / Ridewell | M24: Ngong Center | N24: =D24&" - "&M24 -> Roam Hub - Ngong Center | O24: =CONCATENATE(I24,": ",N24) -> FO-NBI-04#RH-KE-A-22: Roam Hub - Ngong Center | S24: TRUE | T24: TRUE | U24: TRUE | V24: FALSE | W24: TRUE | AE24: =sum(AG24:AK24) -> 0 | AF24: =AG24*(6*84/1000)+AH24*(9*84/1000)+AI24*(10*84/1000)+AJ24*(25*84/1000)+AK24*(40*84/1000) -> 0
A25: NBI | B25: 1 | C25: RH | D25: =vlookup(C25,'List of Chargers'!$A$2:$B$5,2,FALSE) -> Roam Hub | E25: KE | F25: A | G25: 23 | H25: =CONCATENATE("#",C25,"-",E25,"-",F25,"-",G25,) -> #RH-KE-A-23 | I25: =concatenate("FO-",A25,"-",TEXT(B25,"00"),H25) -> FO-NBI-01#RH-KE-A-23 | J25: Operational | K25: 45969 | L25: Adam's Minimall | M25: Adam's Minimall | N25: =D25&" - "&M25 -> Roam Hub - Adam's Minimall | O25: =CONCATENATE(I25,": ",N25) -> FO-NBI-01#RH-KE-A-23: Roam Hub - Adam's Minimall | P25: -1.30085, 36.77946 | S25: TRUE | T25: TRUE | U25: TRUE | V25: FALSE | W25: TRUE | AE25: =sum(AG25:AK25) -> 79 | AF25: =AG25*(6*84/1000)+AH25*(9*84/1000)+AI25*(10*84/1000)+AJ25*(25*84/1000)+AK25*(40*84/1000) -> 77.7 | AI25: 70 | AJ25: 9 | AL25: Yes | AM25: 25700889873 | AN25: 177047802 | AP25: Roam Electric Limited | AQ25: Roam Electric Limited
A26: NBI | B26: 1 | C26: RH | D26: =vlookup(C26,'List of Chargers'!$A$2:$B$5,2,FALSE) -> Roam Hub | E26: KE | F26: A | G26: 24 | H26: =CONCATENATE("#",C26,"-",E26,"-",F26,"-",G26,) -> #RH-KE-A-24 | I26: =concatenate("FO-",A26,"-",TEXT(B26,"00"),H26) -> FO-NBI-01#RH-KE-A-24 | J26: Operational | K26: 46113 | L26: Roam | M26: Langata | N26: =D26&" - "&M26 -> Roam Hub - Langata | O26: =CONCATENATE(I26,": ",N26) -> FO-NBI-01#RH-KE-A-24: Roam Hub - Langata | P26: -1.34207, 36.7639 | S26: TRUE | T26: TRUE | U26: FALSE | V26: FALSE | W26: TRUE | AE26: =sum(AG26:AK26) -> 30 | AF26: =AG26*(6*84/1000)+AH26*(9*84/1000)+AI26*(10*84/1000)+AJ26*(25*84/1000)+AK26*(40*84/1000) -> 25.2 | AI26: 30 | AL26: No | AM26: 45704547319 | AN26: 175573658 | AP26: Roam Electric Limited | AQ26: Roam Electric Limited
A27: NBI | B27: 1 | C27: RH | D27: =vlookup(C27,'List of Chargers'!$A$2:$B$5,2,FALSE) -> Roam Hub | E27: KE | F27: A | G27: 25 | H27: =CONCATENATE("#",C27,"-",E27,"-",F27,"-",G27,) -> #RH-KE-A-25 | I27: =concatenate("FO-",A27,"-",TEXT(B27,"00"),H27) -> FO-NBI-01#RH-KE-A-25 | J27: Construction | L27: Trinity | M27: Banana | N27: =D27&" - "&M27 -> Roam Hub - Banana | O27: =CONCATENATE(I27,": ",N27) -> FO-NBI-01#RH-KE-A-25: Roam Hub - Banana | P27: -1.16696, 36.75373 | S27: TRUE | T27: TRUE | U27: FALSE | V27: FALSE | W27: TRUE | AE27: =sum(AG27:AK27) -> 0 | AF27: =AG27*(6*84/1000)+AH27*(9*84/1000)+AI27*(10*84/1000)+AJ27*(25*84/1000)+AK27*(40*84/1000) -> 0 | AL27: No | AP27: Roam Electric Limited | AQ27: Roam Electric Limited
A28: NBI | C28: RH | D28: =vlookup(C28,'List of Chargers'!$A$2:$B$5,2,FALSE) -> Roam Hub | E28: KE | F28: A | G28: 26 | H28: =CONCATENATE("#",C28,"-",E28,"-",F28,"-",G28,) -> #RH-KE-A-26 | I28: =concatenate("FO-",A28,"-",TEXT(B28,"00"),H28) -> FO-NBI-00#RH-KE-A-26 | N28: =D28&" - "&M28 -> Roam Hub - | O28: =CONCATENATE(I28,": ",N28) -> FO-NBI-00#RH-KE-A-26: Roam Hub - | S28: FALSE | T28: FALSE | U28: FALSE | V28: FALSE | W28: FALSE | AE28: =sum(AG28:AK28) -> 0 | AF28: =AG28*(6*84/1000)+AH28*(9*84/1000)+AI28*(10*84/1000)+AJ28*(25*84/1000)+AK28*(40*84/1000) -> 0
A29: NBI | C29: RH | D29: =vlookup(C29,'List of Chargers'!$A$2:$B$5,2,FALSE) -> Roam Hub | E29: KE | F29: A | G29: 27 | H29: =CONCATENATE("#",C29,"-",E29,"-",F29,"-",G29,) -> #RH-KE-A-27 | I29: =concatenate("FO-",A29,"-",TEXT(B29,"00"),H29) -> FO-NBI-00#RH-KE-A-27 | N29: =D29&" - "&M29 -> Roam Hub - | O29: =CONCATENATE(I29,": ",N29) -> FO-NBI-00#RH-KE-A-27: Roam Hub - | S29: FALSE | T29: FALSE | U29: FALSE | V29: FALSE | W29: FALSE | AE29: =sum(AG29:AK29) -> 0 | AF29: =AG29*(6*84/1000)+AH29*(9*84/1000)+AI29*(10*84/1000)+AJ29*(25*84/1000)+AK29*(40*84/1000) -> 0
A30: NBI | C30: RH | D30: =vlookup(C30,'List of Chargers'!$A$2:$B$5,2,FALSE) -> Roam Hub | E30: KE | F30: A | G30: 28 | H30: =CONCATENATE("#",C30,"-",E30,"-",F30,"-",G30,) -> #RH-KE-A-28 | I30: =concatenate("FO-",A30,"-",TEXT(B30,"00"),H30) -> FO-NBI-00#RH-KE-A-28 | N30: =D30&" - "&M30 -> Roam Hub - | O30: =CONCATENATE(I30,": ",N30) -> FO-NBI-00#RH-KE-A-28: Roam Hub - | S30: FALSE | T30: FALSE | U30: FALSE | V30: FALSE | W30: FALSE | AE30: =sum(AG30:AK30) -> 0 | AF30: =AG30*(6*84/1000)+AH30*(9*84/1000)+AI30*(10*84/1000)+AJ30*(25*84/1000)+AK30*(40*84/1000) -> 0
A31: NBI | C31: RH | D31: =vlookup(C31,'List of Chargers'!$A$2:$B$5,2,FALSE) -> Roam Hub | E31: KE | F31: A | G31: 29 | H31: =CONCATENATE("#",C31,"-",E31,"-",F31,"-",G31,) -> #RH-KE-A-29 | I31: =concatenate("FO-",A31,"-",TEXT(B31,"00"),H31) -> FO-NBI-00#RH-KE-A-29 | N31: =D31&" - "&M31 -> Roam Hub - | O31: =CONCATENATE(I31,": ",N31) -> FO-NBI-00#RH-KE-A-29: Roam Hub - | S31: FALSE | T31: FALSE | U31: FALSE | V31: FALSE | W31: FALSE | AE31: =sum(AG31:AK31) -> 0 | AF31: =AG31*(6*84/1000)+AH31*(9*84/1000)+AI31*(10*84/1000)+AJ31*(25*84/1000)+AK31*(40*84/1000) -> 0
A32: NBI | C32: RH | D32: =vlookup(C32,'List of Chargers'!$A$2:$B$5,2,FALSE) -> Roam Hub | E32: KE | F32: A | G32: 30 | H32: =CONCATENATE("#",C32,"-",E32,"-",F32,"-",G32,) -> #RH-KE-A-30 | I32: =concatenate("FO-",A32,"-",TEXT(B32,"00"),H32) -> FO-NBI-00#RH-KE-A-30 | N32: =D32&" - "&M32 -> Roam Hub - | O32: =CONCATENATE(I32,": ",N32) -> FO-NBI-00#RH-KE-A-30: Roam Hub - | S32: FALSE | T32: FALSE | U32: FALSE | V32: FALSE | W32: FALSE | AE32: =sum(AG32:AK32) -> 0 | AF32: =AG32*(6*84/1000)+AH32*(9*84/1000)+AI32*(10*84/1000)+AJ32*(25*84/1000)+AK32*(40*84/1000) -> 0
A33: NBI | C33: RH | D33: =vlookup(C33,'List of Chargers'!$A$2:$B$5,2,FALSE) -> Roam Hub | E33: KE | F33: A | G33: 31 | H33: =CONCATENATE("#",C33,"-",E33,"-",F33,"-",G33,) -> #RH-KE-A-31 | I33: =concatenate("FO-",A33,"-",TEXT(B33,"00"),H33) -> FO-NBI-00#RH-KE-A-31 | N33: =D33&" - "&M33 -> Roam Hub - | O33: =CONCATENATE(I33,": ",N33) -> FO-NBI-00#RH-KE-A-31: Roam Hub - | S33: FALSE | T33: FALSE | U33: FALSE | V33: FALSE | W33: FALSE | AE33: =sum(AG33:AK33) -> 0 | AF33: =AG33*(6*84/1000)+AH33*(9*84/1000)+AI33*(10*84/1000)+AJ33*(25*84/1000)+AK33*(40*84/1000) -> 0
A34: NBI | C34: RH | D34: =vlookup(C34,'List of Chargers'!$A$2:$B$5,2,FALSE) -> Roam Hub | E34: KE | F34: A | G34: 32 | H34: =CONCATENATE("#",C34,"-",E34,"-",F34,"-",G34,) -> #RH-KE-A-32 | I34: =concatenate("FO-",A34,"-",TEXT(B34,"00"),H34) -> FO-NBI-00#RH-KE-A-32 | N34: =D34&" - "&M34 -> Roam Hub - | O34: =CONCATENATE(I34,": ",N34) -> FO-NBI-00#RH-KE-A-32: Roam Hub - | S34: FALSE | T34: FALSE | U34: FALSE | V34: FALSE | W34: FALSE | AE34: =sum(AG34:AK34) -> 0 | AF34: =AG34*(6*84/1000)+AH34*(9*84/1000)+AI34*(10*84/1000)+AJ34*(25*84/1000)+AK34*(40*84/1000) -> 0
A35: NBI | C35: RH | D35: =vlookup(C35,'List of Chargers'!$A$2:$B$5,2,FALSE) -> Roam Hub | E35: KE | F35: A | G35: 33 | H35: =CONCATENATE("#",C35,"-",E35,"-",F35,"-",G35,) -> #RH-KE-A-33 | I35: =concatenate("FO-",A35,"-",TEXT(B35,"00"),H35) -> FO-NBI-00#RH-KE-A-33 | N35: =D35&" - "&M35 -> Roam Hub - | O35: =CONCATENATE(I35,": ",N35) -> FO-NBI-00#RH-KE-A-33: Roam Hub - | S35: FALSE | T35: FALSE | U35: FALSE | V35: FALSE | W35: FALSE | AE35: =sum(AG35:AK35) -> 0 | AF35: =AG35*(6*84/1000)+AH35*(9*84/1000)+AI35*(10*84/1000)+AJ35*(25*84/1000)+AK35*(40*84/1000) -> 0
A36: NBI | C36: RH | D36: =vlookup(C36,'List of Chargers'!$A$2:$B$5,2,FALSE) -> Roam Hub | E36: KE | F36: A | G36: 34 | H36: =CONCATENATE("#",C36,"-",E36,"-",F36,"-",G36,) -> #RH-KE-A-34 | I36: =concatenate("FO-",A36,"-",TEXT(B36,"00"),H36) -> FO-NBI-00#RH-KE-A-34 | N36: =D36&" - "&M36 -> Roam Hub - | O36: =CONCATENATE(I36,": ",N36) -> FO-NBI-00#RH-KE-A-34: Roam Hub - | S36: FALSE | T36: FALSE | U36: FALSE | V36: FALSE | W36: FALSE | AE36: =sum(AG36:AK36) -> 0 | AF36: =AG36*(6*84/1000)+AH36*(9*84/1000)+AI36*(10*84/1000)+AJ36*(25*84/1000)+AK36*(40*84/1000) -> 0
A37: NBI | C37: RH | D37: =vlookup(C37,'List of Chargers'!$A$2:$B$5,2,FALSE) -> Roam Hub | E37: KE | F37: A | G37: 35 | H37: =CONCATENATE("#",C37,"-",E37,"-",F37,"-",G37,) -> #RH-KE-A-35 | I37: =concatenate("FO-",A37,"-",TEXT(B37,"00"),H37) -> FO-NBI-00#RH-KE-A-35 | N37: =D37&" - "&M37 -> Roam Hub - | O37: =CONCATENATE(I37,": ",N37) -> FO-NBI-00#RH-KE-A-35: Roam Hub - | S37: FALSE | T37: FALSE | U37: FALSE | V37: FALSE | W37: FALSE | AE37: =sum(AG37:AK37) -> 0 | AF37: =AG37*(6*84/1000)+AH37*(9*84/1000)+AI37*(10*84/1000)+AJ37*(25*84/1000)+AK37*(40*84/1000) -> 0
A38: NBI | C38: RH | D38: =vlookup(C38,'List of Chargers'!$A$2:$B$5,2,FALSE) -> Roam Hub | E38: KE | F38: A | G38: 36 | H38: =CONCATENATE("#",C38,"-",E38,"-",F38,"-",G38,) -> #RH-KE-A-36 | I38: =concatenate("FO-",A38,"-",TEXT(B38,"00"),H38) -> FO-NBI-00#RH-KE-A-36 | N38: =D38&" - "&M38 -> Roam Hub - | O38: =CONCATENATE(I38,": ",N38) -> FO-NBI-00#RH-KE-A-36: Roam Hub - | S38: FALSE | T38: FALSE | U38: FALSE | V38: FALSE | W38: FALSE | AE38: =sum(AG38:AK38) -> 0 | AF38: =AG38*(6*84/1000)+AH38*(9*84/1000)+AI38*(10*84/1000)+AJ38*(25*84/1000)+AK38*(40*84/1000) -> 0
A39: NBI | C39: RH | D39: =vlookup(C39,'List of Chargers'!$A$2:$B$5,2,FALSE) -> Roam Hub | E39: KE | F39: A | G39: 37 | H39: =CONCATENATE("#",C39,"-",E39,"-",F39,"-",G39,) -> #RH-KE-A-37 | I39: =concatenate("FO-",A39,"-",TEXT(B39,"00"),H39) -> FO-NBI-00#RH-KE-A-37 | N39: =D39&" - "&M39 -> Roam Hub - | O39: =CONCATENATE(I39,": ",N39) -> FO-NBI-00#RH-KE-A-37: Roam Hub - | S39: FALSE | T39: FALSE | U39: FALSE | V39: FALSE | W39: FALSE | AE39: =sum(AG39:AK39) -> 0 | AF39: =AG39*(6*84/1000)+AH39*(9*84/1000)+AI39*(10*84/1000)+AJ39*(25*84/1000)+AK39*(40*84/1000) -> 0
A40: NBI | C40: RH | D40: =vlookup(C40,'List of Chargers'!$A$2:$B$5,2,FALSE) -> Roam Hub | E40: KE | F40: A | G40: 38 | H40: =CONCATENATE("#",C40,"-",E40,"-",F40,"-",G40,) -> #RH-KE-A-38 | I40: =concatenate("FO-",A40,"-",TEXT(B40,"00"),H40) -> FO-NBI-00#RH-KE-A-38 | N40: =D40&" - "&M40 -> Roam Hub - | O40: =CONCATENATE(I40,": ",N40) -> FO-NBI-00#RH-KE-A-38: Roam Hub - | S40: FALSE | T40: FALSE | U40: FALSE | V40: FALSE | W40: FALSE | AE40: =sum(AG40:AK40) -> 0 | AF40: =AG40*(6*84/1000)+AH40*(9*84/1000)+AI40*(10*84/1000)+AJ40*(25*84/1000)+AK40*(40*84/1000) -> 0
A41: NBI | C41: RH | D41: =vlookup(C41,'List of Chargers'!$A$2:$B$5,2,FALSE) -> Roam Hub | E41: KE | F41: A | G41: 39 | H41: =CONCATENATE("#",C41,"-",E41,"-",F41,"-",G41,) -> #RH-KE-A-39 | I41: =concatenate("FO-",A41,"-",TEXT(B41,"00"),H41) -> FO-NBI-00#RH-KE-A-39 | N41: =D41&" - "&M41 -> Roam Hub - | O41: =CONCATENATE(I41,": ",N41) -> FO-NBI-00#RH-KE-A-39: Roam Hub - | S41: FALSE | T41: FALSE | U41: FALSE | V41: FALSE | W41: FALSE | AE41: =sum(AG41:AK41) -> 0 | AF41: =AG41*(6*84/1000)+AH41*(9*84/1000)+AI41*(10*84/1000)+AJ41*(25*84/1000)+AK41*(40*84/1000) -> 0
A42: NBI | C42: RH | D42: =vlookup(C42,'List of Chargers'!$A$2:$B$5,2,FALSE) -> Roam Hub | E42: KE | F42: A | G42: 40 | H42: =CONCATENATE("#",C42,"-",E42,"-",F42,"-",G42,) -> #RH-KE-A-40 | I42: =concatenate("FO-",A42,"-",TEXT(B42,"00"),H42) -> FO-NBI-00#RH-KE-A-40 | N42: =D42&" - "&M42 -> Roam Hub - | O42: =CONCATENATE(I42,": ",N42) -> FO-NBI-00#RH-KE-A-40: Roam Hub - | S42: FALSE | T42: FALSE | U42: FALSE | V42: FALSE | W42: FALSE | AE42: =sum(AG42:AK42) -> 0 | AF42: =AG42*(6*84/1000)+AH42*(9*84/1000)+AI42*(10*84/1000)+AJ42*(25*84/1000)+AK42*(40*84/1000) -> 0
A43: NBI | C43: RH | D43: =vlookup(C43,'List of Chargers'!$A$2:$B$5,2,FALSE) -> Roam Hub | E43: KE | F43: A | G43: 41 | H43: =CONCATENATE("#",C43,"-",E43,"-",F43,"-",G43,) -> #RH-KE-A-41 | I43: =concatenate("FO-",A43,"-",TEXT(B43,"00"),H43) -> FO-NBI-00#RH-KE-A-41 | N43: =D43&" - "&M43 -> Roam Hub - | O43: =CONCATENATE(I43,": ",N43) -> FO-NBI-00#RH-KE-A-41: Roam Hub - | S43: FALSE | T43: FALSE | U43: FALSE | V43: FALSE | W43: FALSE | AE43: =sum(AG43:AK43) -> 0 | AF43: =AG43*(6*84/1000)+AH43*(9*84/1000)+AI43*(10*84/1000)+AJ43*(25*84/1000)+AK43*(40*84/1000) -> 0
A44: NBI | C44: RH | D44: =vlookup(C44,'List of Chargers'!$A$2:$B$5,2,FALSE) -> Roam Hub | E44: KE | F44: A | G44: 42 | H44: =CONCATENATE("#",C44,"-",E44,"-",F44,"-",G44,) -> #RH-KE-A-42 | I44: =concatenate("FO-",A44,"-",TEXT(B44,"00"),H44) -> FO-NBI-00#RH-KE-A-42 | N44: =D44&" - "&M44 -> Roam Hub - | O44: =CONCATENATE(I44,": ",N44) -> FO-NBI-00#RH-KE-A-42: Roam Hub - | S44: FALSE | T44: FALSE | U44: FALSE | V44: FALSE | W44: FALSE | AE44: =sum(AG44:AK44) -> 0 | AF44: =AG44*(6*84/1000)+AH44*(9*84/1000)+AI44*(10*84/1000)+AJ44*(25*84/1000)+AK44*(40*84/1000) -> 0
A45: NBI | C45: RH | D45: =vlookup(C45,'List of Chargers'!$A$2:$B$5,2,FALSE) -> Roam Hub | E45: KE | F45: A | G45: 43 | H45: =CONCATENATE("#",C45,"-",E45,"-",F45,"-",G45,) -> #RH-KE-A-43 | I45: =concatenate("FO-",A45,"-",TEXT(B45,"00"),H45) -> FO-NBI-00#RH-KE-A-43 | N45: =D45&" - "&M45 -> Roam Hub - | O45: =CONCATENATE(I45,": ",N45) -> FO-NBI-00#RH-KE-A-43: Roam Hub - | S45: FALSE | T45: FALSE | U45: FALSE | V45: FALSE | W45: FALSE | AE45: =sum(AG45:AK45) -> 0 | AF45: =AG45*(6*84/1000)+AH45*(9*84/1000)+AI45*(10*84/1000)+AJ45*(25*84/1000)+AK45*(40*84/1000) -> 0
A46: NBI | C46: RH | D46: =vlookup(C46,'List of Chargers'!$A$2:$B$5,2,FALSE) -> Roam Hub | E46: KE | F46: A | G46: 44 | H46: =CONCATENATE("#",C46,"-",E46,"-",F46,"-",G46,) -> #RH-KE-A-44 | I46: =concatenate("FO-",A46,"-",TEXT(B46,"00"),H46) -> FO-NBI-00#RH-KE-A-44 | N46: =D46&" - "&M46 -> Roam Hub - | O46: =CONCATENATE(I46,": ",N46) -> FO-NBI-00#RH-KE-A-44: Roam Hub - | S46: FALSE | T46: FALSE | U46: FALSE | V46: FALSE | W46: FALSE | AE46: =sum(AG46:AK46) -> 0 | AF46: =AG46*(6*84/1000)+AH46*(9*84/1000)+AI46*(10*84/1000)+AJ46*(25*84/1000)+AK46*(40*84/1000) -> 0
A47: NBI | C47: RH | D47: =vlookup(C47,'List of Chargers'!$A$2:$B$5,2,FALSE) -> Roam Hub | E47: KE | F47: A | G47: 45 | H47: =CONCATENATE("#",C47,"-",E47,"-",F47,"-",G47,) -> #RH-KE-A-45 | I47: =concatenate("FO-",A47,"-",TEXT(B47,"00"),H47) -> FO-NBI-00#RH-KE-A-45 | N47: =D47&" - "&M47 -> Roam Hub - | O47: =CONCATENATE(I47,": ",N47) -> FO-NBI-00#RH-KE-A-45: Roam Hub - | S47: FALSE | T47: FALSE | U47: FALSE | V47: FALSE | W47: FALSE | AE47: =sum(AG47:AK47) -> 0 | AF47: =AG47*(6*84/1000)+AH47*(9*84/1000)+AI47*(10*84/1000)+AJ47*(25*84/1000)+AK47*(40*84/1000) -> 0
... A502: NBI | C502: RH | D502: =vlookup(C502,'List of Chargers'!$A$2:$B$5,2,FALSE) -> Roam Hub | E502: KE | F502: A | G502: 500 | H502: =CONCATENATE("#",C502,"-",E502,"-",F502,"-",G502,) -> #RH-KE-A-500 | I502: =concatenate("FO-",A502,"-",TEXT(B502,"00"),H502) -> FO-NBI-00#RH-KE-A-500 | N502: =D502&" - "&M502 -> Roam Hub - | O502: =CONCATENATE(I502,": ",N502) -> FO-NBI-00#RH-KE-A-500: Roam Hub - | S502: FALSE | T502: FALSE | U502: FALSE | V502: FALSE | W502: FALSE | AE502: =sum(AG502:AK502) -> 0 | AF502: =AG502*(6*84/1000)+AH502*(9*84/1000)+AI502*(10*84/1000)+AJ502*(25*84/1000)+AK502*(40*84/1000) -> 0

Sheet RP - KE
A1: FIELD OPS | J1: =countif(J3:J1001,"Operational") -> 0 | K1: Operational Points | L1: Site Information | Q1: Site Manager | S1: Serial Numbers | T1: emobility tarriff | U1: KPLC Meter | V1: KPLC Account
A2: Region | B2: Area | C2: Short Name | D2: Long Name | E2: Country | F2: Alphabet | G2: No | H2: Roam Charge Station ID | I2: Dynamics Project Code | J2: Status | K2: Launch Date | L2: Partner | M2: Site Name | N2: Charger Name | O2: Complete Name | P2: Coordinate | Q2: Full Name | R2: Phone Number | S2: 1P Energy Meter | T2: Yes / No | U2: No. | V2: No. | W2: Ownership | X2: Operation | Y2: Socket v1.2 | Z2: 6kW DC 1xType 6 3P | AA2: 6kW DC 2xType 6 1P
A3: NBI | B3: 1 | C3: RP | D3: =vlookup(C3,'List of Chargers'!$A$2:$B$5,2,FALSE) -> Roam Point | E3: KE | F3: A | G3: 01 | H3: =CONCATENATE("#",C3,"-",E3,"-",F3,"-",G3,) -> #RP-KE-A-01 | I3: =concatenate("FO-",A3,"-",TEXT(B3,"00"),H3) -> FO-NBI-01#RP-KE-A-01 | J3: Blocked | L3: Anita Karambu | M3: Pangani 1 | N3: =D3&" - "&M3 -> Roam Point - Pangani 1 | O3: =CONCATENATE(I3,": ",N3) -> FO-NBI-01#RP-KE-A-01: Roam Point - Pangani 1 | P3: -1.266212, 36.835316 | Q3: Anita Karambu | R3: 0716899985 | S3: 3BAD8FBE | W3: Roam Electric Limited | X3: Roam Electric Limited | Z3: 1
A4: NBI | B4: 1 | C4: RP | D4: =vlookup(C4,'List of Chargers'!$A$2:$B$5,2,FALSE) -> Roam Point | E4: KE | F4: A | G4: 02 | H4: =CONCATENATE("#",C4,"-",E4,"-",F4,"-",G4,) -> #RP-KE-A-02 | I4: =concatenate("FO-",A4,"-",TEXT(B4,"00"),H4) -> FO-NBI-01#RP-KE-A-02 | J4: Blocked | L4: Edward Kinyua Kimotho | M4: Kariobangi North 1 | N4: =D4&" - "&M4 -> Roam Point - Kariobangi North 1 | O4: =CONCATENATE(I4,": ",N4) -> FO-NBI-01#RP-KE-A-02: Roam Point - Kariobangi North 1 | P4: -1.2564947,36.8817722 | Q4: Edward Kinyua Kimotho | R4: 0790539015 | W4: Roam Electric Limited | X4: Roam Electric Limited | AA4: 1
A5: NBI | B5: 6 | C5: RP | D5: =vlookup(C5,'List of Chargers'!$A$2:$B$5,2,FALSE) -> Roam Point | E5: KE | F5: A | G5: 03 | H5: =CONCATENATE("#",C5,"-",E5,"-",F5,"-",G5,) -> #RP-KE-A-03 | I5: =concatenate("FO-",A5,"-",TEXT(B5,"00"),H5) -> FO-NBI-06#RP-KE-A-03 | J5: Construction | L5: Pheliesia Kasera | M5: Rongai 1 | N5: =D5&" - "&M5 -> Roam Point - Rongai 1 | O5: =CONCATENATE(I5,": ",N5) -> FO-NBI-06#RP-KE-A-03: Roam Point - Rongai 1 | P5: -1.3913462,36.7705494 | Q5: Pheliesia Kasera | R5: 0705797584 | W5: Roam Electric Limited | X5: Roam Electric Limited | AA5: 1
A6: NBI | B6: 5 | C6: RP | D6: =vlookup(C6,'List of Chargers'!$A$2:$B$5,2,FALSE) -> Roam Point | E6: KE | F6: A | G6: 04 | H6: =CONCATENATE("#",C6,"-",E6,"-",F6,"-",G6,) -> #RP-KE-A-04 | I6: =concatenate("FO-",A6,"-",TEXT(B6,"00"),H6) -> FO-NBI-05#RP-KE-A-04 | J6: Blocked | L6: Joyce Pere | M6: Kitengela 1 | N6: =D6&" - "&M6 -> Roam Point - Kitengela 1 | O6: =CONCATENATE(I6,": ",N6) -> FO-NBI-05#RP-KE-A-04: Roam Point - Kitengela 1 | P6: -1.4862217,36.9547761 | Q6: Joyce Pere | R6: 0713226840 | W6: Roam Electric Limited | X6: Roam Electric Limited | AA6: 1
A7: NBI | B7: 1 | C7: RP | D7: =vlookup(C7,'List of Chargers'!$A$2:$B$5,2,FALSE) -> Roam Point | E7: KE | F7: A | G7: 05 | H7: =CONCATENATE("#",C7,"-",E7,"-",F7,"-",G7,) -> #RP-KE-A-05 | I7: =concatenate("FO-",A7,"-",TEXT(B7,"00"),H7) -> FO-NBI-01#RP-KE-A-05 | J7: Construction | L7: Mercy Nduta | M7: Point Mall | N7: =D7&" - "&M7 -> Roam Point - Point Mall | O7: =CONCATENATE(I7,": ",N7) -> FO-NBI-01#RP-KE-A-05: Roam Point - Point Mall | P7: -1.2936642,36.871029 | Q7: Mercy Nduta | R7: 0708534944 | W7: Roam Electric Limited | X7: Roam Electric Limited | AA7: 1
A8: NBI | B8: 1 | C8: RP | D8: =vlookup(C8,'List of Chargers'!$A$2:$B$5,2,FALSE) -> Roam Point | E8: KE | F8: A | G8: 06 | H8: =CONCATENATE("#",C8,"-",E8,"-",F8,"-",G8,) -> #RP-KE-A-06 | I8: =concatenate("FO-",A8,"-",TEXT(B8,"00"),H8) -> FO-NBI-01#RP-KE-A-06 | J8: Archived | L8: John Njoki | M8: Kawangware 1 | N8: =D8&" - "&M8 -> Roam Point - Kawangware 1 | O8: =CONCATENATE(I8,": ",N8) -> FO-NBI-01#RP-KE-A-06: Roam Point - Kawangware 1 | P8: -1.2944176,36.7227883 | Q8: John Njoki | R8: 0727990176 | W8: Roam Electric Limited | X8: Roam Electric Limited | AA8: 1
A9: NBI | B9: 1 | C9: RP | D9: =vlookup(C9,'List of Chargers'!$A$2:$B$5,2,FALSE) -> Roam Point | E9: KE | F9: A | G9: 07 | H9: =CONCATENATE("#",C9,"-",E9,"-",F9,"-",G9,) -> #RP-KE-A-07 | I9: =concatenate("FO-",A9,"-",TEXT(B9,"00"),H9) -> FO-NBI-01#RP-KE-A-07 | J9: Archived | L9: Munene Mbuchi | M9: Ruaka 1 | N9: =D9&" - "&M9 -> Roam Point - Ruaka 1 | O9: =CONCATENATE(I9,": ",N9) -> FO-NBI-01#RP-KE-A-07: Roam Point - Ruaka 1 | P9: -1.207359,36.7856069 | Q9: Munene Mbuchi | R9: 0722531006 | W9: Roam Electric Limited | X9: Roam Electric Limited
A10: NBI | B10: 1 | C10: RP | D10: =vlookup(C10,'List of Chargers'!$A$2:$B$5,2,FALSE) -> Roam Point | E10: KE | F10: A | G10: 08 | H10: =CONCATENATE("#",C10,"-",E10,"-",F10,"-",G10,) -> #RP-KE-A-08 | I10: =concatenate("FO-",A10,"-",TEXT(B10,"00"),H10) -> FO-NBI-01#RP-KE-A-08 | J10: Blocked | L10: Peter Macharia | M10: Kiambu Road 1 | N10: =D10&" - "&M10 -> Roam Point - Kiambu Road 1 | O10: =CONCATENATE(I10,": ",N10) -> FO-NBI-01#RP-KE-A-08: Roam Point - Kiambu Road 1 | P10: -1.2184234,36.8229217 | Q10: Peter Macharia | R10: 0722843770 | W10: Roam Electric Limited | X10: Roam Electric Limited
A11: NBI | B11: 2 | C11: RP | D11: =vlookup(C11,'List of Chargers'!$A$2:$B$5,2,FALSE) -> Roam Point | E11: KE | F11: A | G11: 09 | H11: =CONCATENATE("#",C11,"-",E11,"-",F11,"-",G11,) -> #RP-KE-A-09 | I11: =concatenate("FO-",A11,"-",TEXT(B11,"00"),H11) -> FO-NBI-02#RP-KE-A-09 | J11: Archived | L11: Ivy Cheruto | M11: Juja 1 | N11: =D11&" - "&M11 -> Roam Point - Juja 1 | O11: =CONCATENATE(I11,": ",N11) -> FO-NBI-02#RP-KE-A-09: Roam Point - Juja 1 | P11: -1.0932973,37.0198771 | Q11: Ivy Cheruto | R11: 0700071760 | W11: Roam Electric Limited | X11: Roam Electric Limited
A12: NBI | B12: 1 | C12: RP | D12: =vlookup(C12,'List of Chargers'!$A$2:$B$5,2,FALSE) -> Roam Point | E12: KE | F12: A | G12: 10 | H12: =CONCATENATE("#",C12,"-",E12,"-",F12,"-",G12,) -> #RP-KE-A-10 | I12: =concatenate("FO-",A12,"-",TEXT(B12,"00"),H12) -> FO-NBI-01#RP-KE-A-10 | J12: Archived | L12: George Maina Njoroge | M12: Umoja 1 | N12: =D12&" - "&M12 -> Roam Point - Umoja 1 | O12: =CONCATENATE(I12,": ",N12) -> FO-NBI-01#RP-KE-A-10: Roam Point - Umoja 1 | P12: -1.2785188,36.8879889 | Q12: George Maina Njoroge | R12: 0722958498 | W12: Roam Electric Limited | X12: Roam Electric Limited
A13: NBI | B13: 1 | C13: RP | D13: =vlookup(C13,'List of Chargers'!$A$2:$B$5,2,FALSE) -> Roam Point | E13: KE | F13: A | G13: 11 | H13: =CONCATENATE("#",C13,"-",E13,"-",F13,"-",G13,) -> #RP-KE-A-11 | I13: =concatenate("FO-",A13,"-",TEXT(B13,"00"),H13) -> FO-NBI-01#RP-KE-A-11 | J13: Archived | L13: Kevin Kaburu | M13: Marurui 1 | N13: =D13&" - "&M13 -> Roam Point - Marurui 1 | O13: =CONCATENATE(I13,": ",N13) -> FO-NBI-01#RP-KE-A-11: Roam Point - Marurui 1 | P13: -1.2073934,36.8726554 | Q13: Kevin Kaburu | R13: 0799838826 | W13: Roam Electric Limited | X13: Roam Electric Limited
A14: NBI | B14: 1 | C14: RP | D14: =vlookup(C14,'List of Chargers'!$A$2:$B$5,2,FALSE) -> Roam Point | E14: KE | F14: A | G14: 12 | H14: =CONCATENATE("#",C14,"-",E14,"-",F14,"-",G14,) -> #RP-KE-A-12 | I14: =concatenate("FO-",A14,"-",TEXT(B14,"00"),H14) -> FO-NBI-01#RP-KE-A-12 | J14: Archived | L14: Kevin Njeru | M14: TRM Drive 1 | N14: =D14&" - "&M14 -> Roam Point - TRM Drive 1 | O14: =CONCATENATE(I14,": ",N14) -> FO-NBI-01#RP-KE-A-12: Roam Point - TRM Drive 1 | P14: -1.2188724,36.8848064 | Q14: Kevin Njeru | R14: 0717615283 | W14: Roam Electric Limited | X14: Roam Electric Limited
A15: NBI | B15: 1 | C15: RP | D15: =vlookup(C15,'List of Chargers'!$A$2:$B$5,2,FALSE) -> Roam Point | E15: KE | F15: A | G15: 13 | H15: =CONCATENATE("#",C15,"-",E15,"-",F15,"-",G15,) -> #RP-KE-A-13 | I15: =concatenate("FO-",A15,"-",TEXT(B15,"00"),H15) -> FO-NBI-01#RP-KE-A-13 | J15: Archived | L15: Andrew Murimi | M15: Ngara 1 | N15: =D15&" - "&M15 -> Roam Point - Ngara 1 | O15: =CONCATENATE(I15,": ",N15) -> FO-NBI-01#RP-KE-A-13: Roam Point - Ngara 1 | P15: -1.2736004,36.8319322 | Q15: Andrew Murimi | R15: 0722341329 | W15: Roam Electric Limited | X15: Roam Electric Limited
A16: NBI | B16: 1 | C16: RP | D16: =vlookup(C16,'List of Chargers'!$A$2:$B$5,2,FALSE) -> Roam Point | E16: KE | F16: A | G16: 14 | H16: =CONCATENATE("#",C16,"-",E16,"-",F16,"-",G16,) -> #RP-KE-A-14 | I16: =concatenate("FO-",A16,"-",TEXT(B16,"00"),H16) -> FO-NBI-01#RP-KE-A-14 | J16: Blocked | L16: Stanley Mbugua | M16: Mirema Drive 1 | N16: =D16&" - "&M16 -> Roam Point - Mirema Drive 1 | O16: =CONCATENATE(I16,": ",N16) -> FO-NBI-01#RP-KE-A-14: Roam Point - Mirema Drive 1 | P16: -1.211768, 36.889741 | Q16: Stanley Mbugua | R16: 0702115108 | W16: Roam Electric Limited | X16: Roam Electric Limited
A17: NBI | B17: 1 | C17: RP | D17: =vlookup(C17,'List of Chargers'!$A$2:$B$5,2,FALSE) -> Roam Point | E17: KE | F17: A | G17: 15 | H17: =CONCATENATE("#",C17,"-",E17,"-",F17,"-",G17,) -> #RP-KE-A-15 | I17: =concatenate("FO-",A17,"-",TEXT(B17,"00"),H17) -> FO-NBI-01#RP-KE-A-15 | J17: Blocked | L17: Stanley Mbugua | M17: Alcapone Lounge | N17: =D17&" - "&M17 -> Roam Point - Alcapone Lounge | O17: =CONCATENATE(I17,": ",N17) -> FO-NBI-01#RP-KE-A-15: Roam Point - Alcapone Lounge | P17: -1.231141, 36.876106 | Q17: Stanley Mbugua | R17: 0702115108 | W17: Roam Electric Limited | X17: Roam Electric Limited
A18: NBI | B18: 1 | C18: RP | D18: =vlookup(C18,'List of Chargers'!$A$2:$B$5,2,FALSE) -> Roam Point | E18: KE | F18: A | G18: 16 | H18: =CONCATENATE("#",C18,"-",E18,"-",F18,"-",G18,) -> #RP-KE-A-16 | I18: =concatenate("FO-",A18,"-",TEXT(B18,"00"),H18) -> FO-NBI-01#RP-KE-A-16 | J18: Archived | L18: Andrew Kamanu | M18: Astrol Garden City 1 | N18: =D18&" - "&M18 -> Roam Point - Astrol Garden City 1 | O18: =CONCATENATE(I18,": ",N18) -> FO-NBI-01#RP-KE-A-16: Roam Point - Astrol Garden City 1 | P18: -1.229331, 36.878955 | Q18: Andrew Kamanu | R18: 0723944326 | W18: Roam Electric Limited | X18: Roam Electric Limited
A19: NBI | B19: 1 | C19: RP | D19: =vlookup(C19,'List of Chargers'!$A$2:$B$5,2,FALSE) -> Roam Point | E19: KE | F19: A | G19: 17 | H19: =CONCATENATE("#",C19,"-",E19,"-",F19,"-",G19,) -> #RP-KE-A-17 | I19: =concatenate("FO-",A19,"-",TEXT(B19,"00"),H19) -> FO-NBI-01#RP-KE-A-17 | J19: Blocked | L19: Joyce Wanjiku | M19: Kariobangi Roundabout 1 | N19: =D19&" - "&M19 -> Roam Point - Kariobangi Roundabout 1 | O19: =CONCATENATE(I19,": ",N19) -> FO-NBI-01#RP-KE-A-17: Roam Point - Kariobangi Roundabout 1 | P19: -1.261975, 36.877616 | Q19: Joyce Wanjiku | R19: 0729762478 | W19: Roam Electric Limited | X19: Roam Electric Limited
A20: NBI | B20: 1 | C20: RP | D20: =vlookup(C20,'List of Chargers'!$A$2:$B$5,2,FALSE) -> Roam Point | E20: KE | F20: A | G20: 18 | H20: =CONCATENATE("#",C20,"-",E20,"-",F20,"-",G20,) -> #RP-KE-A-18 | I20: =concatenate("FO-",A20,"-",TEXT(B20,"00"),H20) -> FO-NBI-01#RP-KE-A-18 | J20: Archived | L20: Hans Haerdlte | M20: Kawangware 2 | N20: =D20&" - "&M20 -> Roam Point - Kawangware 2 | O20: =CONCATENATE(I20,": ",N20) -> FO-NBI-01#RP-KE-A-18: Roam Point - Kawangware 2 | P20: -1.2816677,36.7414258 | Q20: Hans Haerdlte | R20: 0113166817 | W20: Roam Electric Limited | X20: Roam Electric Limited
... A25: NBI | B25: 1 | C25: RP | D25: =vlookup(C25,'List of Chargers'!$A$2:$B$5,2,FALSE) -> Roam Point | E25: KE | F25: A | G25: 23 | H25: =CONCATENATE("#",C25,"-",E25,"-",F25,"-",G25,) -> #RP-KE-A-23 | I25: =concatenate("FO-",A25,"-",TEXT(B25,"00"),H25) -> FO-NBI-01#RP-KE-A-23 | J25: Archived | L25: ATLAS; Harrison Wachenje | M25: Mihango 1 | N25: =D25&" - "&M25 -> Roam Point - Mihango 1 | O25: =CONCATENATE(I25,": ",N25) -> FO-NBI-01#RP-KE-A-23: Roam Point - Mihango 1 | P25: -1.2775993,36.949089 | Q25: ATLAS; Harrison Wachenje | R25: 0721715328 | W25: Roam Electric Limited | X25: Roam Electric Limited
A26: NBI | B26: 2 | C26: RP | D26: =vlookup(C26,'List of Chargers'!$A$2:$B$5,2,FALSE) -> Roam Point | E26: KE | F26: A | G26: 24 | H26: =CONCATENATE("#",C26,"-",E26,"-",F26,"-",G26,) -> #RP-KE-A-24 | I26: =concatenate("FO-",A26,"-",TEXT(B26,"00"),H26) -> FO-NBI-02#RP-KE-A-24 | J26: Archived | K26: . | L26: Be Energy; Grace | M26: Ruiru 1 | N26: =D26&" - "&M26 -> Roam Point - Ruiru 1 | O26: =CONCATENATE(I26,": ",N26) -> FO-NBI-02#RP-KE-A-24: Roam Point - Ruiru 1 | P26: -1.146381,36.956178 | Q26: Be Energy; Grace | R26: 0722702811 | W26: Roam Electric Limited | X26: Roam Electric Limited
A27: NBI | B27: 2 | C27: RP | D27: =vlookup(C27,'List of Chargers'!$A$2:$B$5,2,FALSE) -> Roam Point | E27: KE | F27: A | G27: 25 | H27: =CONCATENATE("#",C27,"-",E27,"-",F27,"-",G27,) -> #RP-KE-A-25 | I27: =concatenate("FO-",A27,"-",TEXT(B27,"00"),H27) -> FO-NBI-02#RP-KE-A-25 | J27: Archived | L27: Be Energy; Jespher | M27: Kiambu 1 | N27: =D27&" - "&M27 -> Roam Point - Kiambu 1 | O27: =CONCATENATE(I27,": ",N27) -> FO-NBI-02#RP-KE-A-25: Roam Point - Kiambu 1 | P27: -1.1670501,36.8204359 | Q27: Be Energy; Jespher | R27: 0792887023 | W27: Roam Electric Limited | X27: Roam Electric Limited
A28: NBI | B28: 1 | C28: RP | D28: =vlookup(C28,'List of Chargers'!$A$2:$B$5,2,FALSE) -> Roam Point | E28: KE | F28: A | G28: 26 | H28: =CONCATENATE("#",C28,"-",E28,"-",F28,"-",G28,) -> #RP-KE-A-26 | I28: =concatenate("FO-",A28,"-",TEXT(B28,"00"),H28) -> FO-NBI-01#RP-KE-A-26 | J28: Archived | L28: Be Energy; Antony | M28: Utawala 2 | N28: =D28&" - "&M28 -> Roam Point - Utawala 2 | O28: =CONCATENATE(I28,": ",N28) -> FO-NBI-01#RP-KE-A-26: Roam Point - Utawala 2 | P28: -1.2750468,36.9698007 | Q28: Be Energy; Antony | R28: 0714657138 | W28: Roam Electric Limited | X28: Roam Electric Limited
A29: NBI | B29: 1 | C29: RP | D29: =vlookup(C29,'List of Chargers'!$A$2:$B$5,2,FALSE) -> Roam Point | E29: KE | F29: A | G29: 27 | H29: =CONCATENATE("#",C29,"-",E29,"-",F29,"-",G29,) -> #RP-KE-A-27 | I29: =concatenate("FO-",A29,"-",TEXT(B29,"00"),H29) -> FO-NBI-01#RP-KE-A-27 | J29: Archived | L29: Be Energy; Tabitha | M29: Kayole Junction 1 | N29: =D29&" - "&M29 -> Roam Point - Kayole Junction 1 | O29: =CONCATENATE(I29,": ",N29) -> FO-NBI-01#RP-KE-A-27: Roam Point - Kayole Junction 1 | P29: -1.257151,36.917729 | Q29: Be Energy; Tabitha | R29: 0723332165 | W29: Roam Electric Limited | X29: Roam Electric Limited
A30: NBI | B30: 4 | C30: RP | D30: =vlookup(C30,'List of Chargers'!$A$2:$B$5,2,FALSE) -> Roam Point | E30: KE | F30: A | G30: 28 | H30: =CONCATENATE("#",C30,"-",E30,"-",F30,"-",G30,) -> #RP-KE-A-28 | I30: =concatenate("FO-",A30,"-",TEXT(B30,"00"),H30) -> FO-NBI-04#RP-KE-A-28 | J30: Archived | L30: Be Energy; Philips | M30: Ngong Racecourse 1 | N30: =D30&" - "&M30 -> Roam Point - Ngong Racecourse 1 | O30: =CONCATENATE(I30,": ",N30) -> FO-NBI-04#RP-KE-A-28: Roam Point - Ngong Racecourse 1 | P30: -1.3067629,36.7335908 | Q30: Be Energy; Philips | R30: 0721561395 | W30: Roam Electric Limited | X30: Roam Electric Limited
A31: NBI | B31: 1 | C31: RP | D31: =vlookup(C31,'List of Chargers'!$A$2:$B$5,2,FALSE) -> Roam Point | E31: KE | F31: A | G31: 29 | H31: =CONCATENATE("#",C31,"-",E31,"-",F31,"-",G31,) -> #RP-KE-A-29 | I31: =concatenate("FO-",A31,"-",TEXT(B31,"00"),H31) -> FO-NBI-01#RP-KE-A-29 | J31: Archived | L31: Be Energy; Teddy | M31: Gitaru 1 | N31: =D31&" - "&M31 -> Roam Point - Gitaru 1 | O31: =CONCATENATE(I31,": ",N31) -> FO-NBI-01#RP-KE-A-29: Roam Point - Gitaru 1 | P31: -1.2295536,36.6784509 | Q31: Be Energy; Teddy | R31: 0798281041 | W31: Roam Electric Limited | X31: Roam Electric Limited
A32: NBI | B32: 1 | C32: RP | D32: =vlookup(C32,'List of Chargers'!$A$2:$B$5,2,FALSE) -> Roam Point | E32: KE | F32: A | G32: 30 | H32: =CONCATENATE("#",C32,"-",E32,"-",F32,"-",G32,) -> #RP-KE-A-30 | I32: =concatenate("FO-",A32,"-",TEXT(B32,"00"),H32) -> FO-NBI-01#RP-KE-A-30 | J32: Archived | L32: Trinity Energy; Mohammedin | M32: Thome 1 | N32: =D32&" - "&M32 -> Roam Point - Thome 1 | O32: =CONCATENATE(I32,": ",N32) -> FO-NBI-01#RP-KE-A-30: Roam Point - Thome 1 | P32: -1.2052805,36.8601241 | Q32: Trinity Energy; Mohammedin | R32: 0700106393 | W32: Roam Electric Limited | X32: Roam Electric Limited
A33: NBI | B33: 1 | C33: RP | D33: =vlookup(C33,'List of Chargers'!$A$2:$B$5,2,FALSE) -> Roam Point | E33: KE | F33: A | G33: 31 | H33: =CONCATENATE("#",C33,"-",E33,"-",F33,"-",G33,) -> #RP-KE-A-31 | I33: =concatenate("FO-",A33,"-",TEXT(B33,"00"),H33) -> FO-NBI-01#RP-KE-A-31 | J33: Archived | L33: Trinity Energy; Mohammedin | M33: Dagoretti 1 | N33: =D33&" - "&M33 -> Roam Point - Dagoretti 1 | O33: =CONCATENATE(I33,": ",N33) -> FO-NBI-01#RP-KE-A-31: Roam Point - Dagoretti 1 | P33: -1.2786853,36.5486813 | Q33: Trinity Energy; Mohammedin | R33: 0700106394 | W33: Roam Electric Limited | X33: Roam Electric Limited
A34: NBI | B34: 1 | C34: RP | D34: =vlookup(C34,'List of Chargers'!$A$2:$B$5,2,FALSE) -> Roam Point | E34: KE | F34: A | G34: 32 | H34: =CONCATENATE("#",C34,"-",E34,"-",F34,"-",G34,) -> #RP-KE-A-32 | I34: =concatenate("FO-",A34,"-",TEXT(B34,"00"),H34) -> FO-NBI-01#RP-KE-A-32 | J34: Archived | L34: Kelvin Kinani | M34: Buruburu 1 | N34: =D34&" - "&M34 -> Roam Point - Buruburu 1 | O34: =CONCATENATE(I34,": ",N34) -> FO-NBI-01#RP-KE-A-32: Roam Point - Buruburu 1 | W34: Roam Electric Limited | X34: Roam Electric Limited
A35: NBI | B35: 5 | C35: RP | D35: =vlookup(C35,'List of Chargers'!$A$2:$B$5,2,FALSE) -> Roam Point | E35: KE | F35: A | G35: 33 | H35: =CONCATENATE("#",C35,"-",E35,"-",F35,"-",G35,) -> #RP-KE-A-33 | I35: =concatenate("FO-",A35,"-",TEXT(B35,"00"),H35) -> FO-NBI-05#RP-KE-A-33 | J35: Archived | L35: Trinity Energy; Mohammedin | M35: Rimpa 1 | N35: =D35&" - "&M35 -> Roam Point - Rimpa 1 | O35: =CONCATENATE(I35,": ",N35) -> FO-NBI-05#RP-KE-A-33: Roam Point - Rimpa 1 | P35: -1.4214276,36.69642 | Q35: Trinity Energy; Mohammedin | R35: 0700106396 | W35: Roam Electric Limited | X35: Roam Electric Limited
A36: NBI | B36: 5 | C36: RP | D36: =vlookup(C36,'List of Chargers'!$A$2:$B$5,2,FALSE) -> Roam Point | E36: KE | F36: A | G36: 34 | H36: =CONCATENATE("#",C36,"-",E36,"-",F36,"-",G36,) -> #RP-KE-A-34 | I36: =concatenate("FO-",A36,"-",TEXT(B36,"00"),H36) -> FO-NBI-05#RP-KE-A-34 | J36: Archived | L36: Trinity Energy; Mohammedin | M36: Kiserian 1 | N36: =D36&" - "&M36 -> Roam Point - Kiserian 1 | O36: =CONCATENATE(I36,": ",N36) -> FO-NBI-05#RP-KE-A-34: Roam Point - Kiserian 1 | P36: -1.424615,36.6811616 | Q36: Trinity Energy; Mohammedin | R36: 0700106397 | W36: Roam Electric Limited | X36: Roam Electric Limited
A37: NBI | B37: 2 | C37: RP | D37: =vlookup(C37,'List of Chargers'!$A$2:$B$5,2,FALSE) -> Roam Point | E37: KE | F37: A | G37: 35 | H37: =CONCATENATE("#",C37,"-",E37,"-",F37,"-",G37,) -> #RP-KE-A-35 | I37: =concatenate("FO-",A37,"-",TEXT(B37,"00"),H37) -> FO-NBI-02#RP-KE-A-35 | J37: Archived | L37: Stephen Muchai | M37: Ruiru 2 | N37: =D37&" - "&M37 -> Roam Point - Ruiru 2 | O37: =CONCATENATE(I37,": ",N37) -> FO-NBI-02#RP-KE-A-35: Roam Point - Ruiru 2 | P37: -1.1497653,36.9635278 | Q37: Stephen Muchai | R37: 0791621171 | W37: Roam Electric Limited | X37: Roam Electric Limited
A38: NBI | B38: 1 | C38: RP | D38: =vlookup(C38,'List of Chargers'!$A$2:$B$5,2,FALSE) -> Roam Point | E38: KE | F38: A | G38: 36 | H38: =CONCATENATE("#",C38,"-",E38,"-",F38,"-",G38,) -> #RP-KE-A-36 | I38: =concatenate("FO-",A38,"-",TEXT(B38,"00"),H38) -> FO-NBI-01#RP-KE-A-36 | J38: Archived | L38: Makadara Railway Station | M38: Makadara 1 | N38: =D38&" - "&M38 -> Roam Point - Makadara 1 | O38: =CONCATENATE(I38,": ",N38) -> FO-NBI-01#RP-KE-A-36: Roam Point - Makadara 1 | P38: -1.2980571,36.8688626 | Q38: Makadara Railway Station | W38: Roam Electric Limited | X38: Roam Electric Limited
A39: NBI | B39: 1 | C39: RP | D39: =vlookup(C39,'List of Chargers'!$A$2:$B$5,2,FALSE) -> Roam Point | E39: KE | F39: A | G39: 37 | H39: =CONCATENATE("#",C39,"-",E39,"-",F39,"-",G39,) -> #RP-KE-A-37 | I39: =concatenate("FO-",A39,"-",TEXT(B39,"00"),H39) -> FO-NBI-01#RP-KE-A-37 | J39: Archived | L39: Rosemary Kamau | M39: Huruma 1 | N39: =D39&" - "&M39 -> Roam Point - Huruma 1 | O39: =CONCATENATE(I39,": ",N39) -> FO-NBI-01#RP-KE-A-37: Roam Point - Huruma 1 | Q39: Rosemary Kamau | R39: 0722354603 | W39: Roam Electric Limited | X39: Roam Electric Limited
A40: NBI | B40: 1 | C40: RP | D40: =vlookup(C40,'List of Chargers'!$A$2:$B$5,2,FALSE) -> Roam Point | E40: KE | F40: A | G40: 38 | H40: =CONCATENATE("#",C40,"-",E40,"-",F40,"-",G40,) -> #RP-KE-A-38 | I40: =concatenate("FO-",A40,"-",TEXT(B40,"00"),H40) -> FO-NBI-01#RP-KE-A-38 | J40: Archived | L40: Zacharia Ngigi | M40: Industrial Area 1 | N40: =D40&" - "&M40 -> Roam Point - Industrial Area 1 | O40: =CONCATENATE(I40,": ",N40) -> FO-NBI-01#RP-KE-A-38: Roam Point - Industrial Area 1 | P40: -1.3078582,36.8541481 | Q40: Zacharia Ngigi | R40: 0788100111 | W40: Roam Electric Limited | X40: Roam Electric Limited
A41: NBI | B41: 1 | C41: RP | D41: =vlookup(C41,'List of Chargers'!$A$2:$B$5,2,FALSE) -> Roam Point | E41: KE | F41: A | G41: 39 | H41: =CONCATENATE("#",C41,"-",E41,"-",F41,"-",G41,) -> #RP-KE-A-39 | I41: =concatenate("FO-",A41,"-",TEXT(B41,"00"),H41) -> FO-NBI-01#RP-KE-A-39 | J41: Archived | L41: Brian Mwake | M41: Industrial Area 2 | N41: =D41&" - "&M41 -> Roam Point - Industrial Area 2 | O41: =CONCATENATE(I41,": ",N41) -> FO-NBI-01#RP-KE-A-39: Roam Point - Industrial Area 2 | Q41: Brian Mwake | R41: 0729881353 | W41: Roam Electric Limited | X41: Roam Electric Limited
A42: NBI | B42: 1 | C42: RP | D42: =vlookup(C42,'List of Chargers'!$A$2:$B$5,2,FALSE) -> Roam Point | E42: KE | F42: A | G42: 40 | H42: =CONCATENATE("#",C42,"-",E42,"-",F42,"-",G42,) -> #RP-KE-A-40 | I42: =concatenate("FO-",A42,"-",TEXT(B42,"00"),H42) -> FO-NBI-01#RP-KE-A-40 | J42: Archived | L42: Joseph Cheng | M42: Upperhill 1 | N42: =D42&" - "&M42 -> Roam Point - Upperhill 1 | O42: =CONCATENATE(I42,": ",N42) -> FO-NBI-01#RP-KE-A-40: Roam Point - Upperhill 1 | P42: -1.2995369,36.8076478 | Q42: Joseph Cheng | R42: 0725266466 | W42: Roam Electric Limited | X42: Roam Electric Limited
A43: NBI | B43: 1 | C43: RP | D43: =vlookup(C43,'List of Chargers'!$A$2:$B$5,2,FALSE) -> Roam Point | E43: KE | F43: A | G43: 41 | H43: =CONCATENATE("#",C43,"-",E43,"-",F43,"-",G43,) -> #RP-KE-A-41 | I43: =concatenate("FO-",A43,"-",TEXT(B43,"00"),H43) -> FO-NBI-01#RP-KE-A-41 | J43: Archived | L43: Brenda Too | M43: Kilimani 1 | N43: =D43&" - "&M43 -> Roam Point - Kilimani 1 | O43: =CONCATENATE(I43,": ",N43) -> FO-NBI-01#RP-KE-A-41: Roam Point - Kilimani 1 | P43: -1.2943264,36.7546944 | Q43: Brenda Too | R43: 0702919797 | W43: Roam Electric Limited | X43: Roam Electric Limited
A44: NBI | B44: 1 | C44: RP | D44: =vlookup(C44,'List of Chargers'!$A$2:$B$5,2,FALSE) -> Roam Point | E44: KE | F44: A | G44: 42 | H44: =CONCATENATE("#",C44,"-",E44,"-",F44,"-",G44,) -> #RP-KE-A-42 | I44: =concatenate("FO-",A44,"-",TEXT(B44,"00"),H44) -> FO-NBI-01#RP-KE-A-42 | J44: Archived | L44: Total Energies | M44: Hurlingham 1 | N44: =D44&" - "&M44 -> Roam Point - Hurlingham 1 | O44: =CONCATENATE(I44,": ",N44) -> FO-NBI-01#RP-KE-A-42: Roam Point - Hurlingham 1 | P44: -1.2954724,36.7991183 | Q44: Total Energies | W44: Roam Electric Limited | X44: Roam Electric Limited
A45: NBI | B45: 3 | C45: RP | D45: =vlookup(C45,'List of Chargers'!$A$2:$B$5,2,FALSE) -> Roam Point | E45: KE | F45: A | G45: 43 | H45: =CONCATENATE("#",C45,"-",E45,"-",F45,"-",G45,) -> #RP-KE-A-43 | I45: =concatenate("FO-",A45,"-",TEXT(B45,"00"),H45) -> FO-NBI-03#RP-KE-A-43 | J45: Archived | L45: Sahara Energies | M45: Kamulu 1 | N45: =D45&" - "&M45 -> Roam Point - Kamulu 1 | O45: =CONCATENATE(I45,": ",N45) -> FO-NBI-03#RP-KE-A-43: Roam Point - Kamulu 1 | P45: -1.2805207,37.0540711 | Q45: Sahara Energies | W45: Roam Electric Limited | X45: Roam Electric Limited
A46: NBI | B46: 1 | C46: RP | D46: =vlookup(C46,'List of Chargers'!$A$2:$B$5,2,FALSE) -> Roam Point | E46: KE | F46: A | G46: 44 | H46: =CONCATENATE("#",C46,"-",E46,"-",F46,"-",G46,) -> #RP-KE-A-44 | I46: =concatenate("FO-",A46,"-",TEXT(B46,"00"),H46) -> FO-NBI-01#RP-KE-A-44 | J46: Archived | L46: Irene Wali | M46: City Mortuary 1 | N46: =D46&" - "&M46 -> Roam Point - City Mortuary 1 | O46: =CONCATENATE(I46,": ",N46) -> FO-NBI-01#RP-KE-A-44: Roam Point - City Mortuary 1 | P46: -1.2991321,36.7985032 | Q46: Irene Wali | R46: 0721985344 | W46: Roam Electric Limited | X46: Roam Electric Limited
A47: NBI | B47: 1 | C47: RP | D47: =vlookup(C47,'List of Chargers'!$A$2:$B$5,2,FALSE) -> Roam Point | E47: KE | F47: A | G47: 45 | H47: =CONCATENATE("#",C47,"-",E47,"-",F47,"-",G47,) -> #RP-KE-A-45 | I47: =concatenate("FO-",A47,"-",TEXT(B47,"00"),H47) -> FO-NBI-01#RP-KE-A-45 | J47: Archived | L47: Thuo Richard | M47: Thogoto 1 | N47: =D47&" - "&M47 -> Roam Point - Thogoto 1 | O47: =CONCATENATE(I47,": ",N47) -> FO-NBI-01#RP-KE-A-45: Roam Point - Thogoto 1 | P47: -1.2800969,36.661813 | Q47: Thuo Richard | R47: 0736112563 | W47: Roam Electric Limited | X47: Roam Electric Limited
A48: NBI | B48: 1 | C48: RP | D48: =vlookup(C48,'List of Chargers'!$A$2:$B$5,2,FALSE) -> Roam Point | E48: KE | F48: A | G48: 46 | H48: =CONCATENATE("#",C48,"-",E48,"-",F48,"-",G48,) -> #RP-KE-A-46 | I48: =concatenate("FO-",A48,"-",TEXT(B48,"00"),H48) -> FO-NBI-01#RP-KE-A-46 | J48: Archived | L48: Vincent Kamau | M48: Parklands 1 | N48: =D48&" - "&M48 -> Roam Point - Parklands 1 | O48: =CONCATENATE(I48,": ",N48) -> FO-NBI-01#RP-KE-A-46: Roam Point - Parklands 1 | P48: -1.2646015,36.812634 | Q48: Vincent Kamau | R48: 0733773067 | W48: Roam Electric Limited | X48: Roam Electric Limited
A49: NBI | B49: 1 | C49: RP | D49: =vlookup(C49,'List of Chargers'!$A$2:$B$5,2,FALSE) -> Roam Point | E49: KE | F49: A | G49: 47 | H49: =CONCATENATE("#",C49,"-",E49,"-",F49,"-",G49,) -> #RP-KE-A-47 | I49: =concatenate("FO-",A49,"-",TEXT(B49,"00"),H49) -> FO-NBI-01#RP-KE-A-47 | J49: Archived | L49: Moreen Mwirebua | M49: Kasarani 1 | N49: =D49&" - "&M49 -> Roam Point - Kasarani 1 | O49: =CONCATENATE(I49,": ",N49) -> FO-NBI-01#RP-KE-A-47: Roam Point - Kasarani 1 | P49: -1.2178493,36.8985575 | Q49: Moreen Mwirebua | R49: 0790504222 | W49: Roam Electric Limited | X49: Roam Electric Limited
A50: NBI | B50: 1 | C50: RP | D50: =vlookup(C50,'List of Chargers'!$A$2:$B$5,2,FALSE) -> Roam Point | E50: KE | F50: A | G50: 48 | H50: =CONCATENATE("#",C50,"-",E50,"-",F50,"-",G50,) -> #RP-KE-A-48 | I50: =concatenate("FO-",A50,"-",TEXT(B50,"00"),H50) -> FO-NBI-01#RP-KE-A-48 | J50: Archived | L50: Nairobi County | M50: Outering Bus Stop | N50: =D50&" - "&M50 -> Roam Point - Outering Bus Stop | O50: =CONCATENATE(I50,": ",N50) -> FO-NBI-01#RP-KE-A-48: Roam Point - Outering Bus Stop
A51: NBI | C51: RP | D51: =vlookup(C51,'List of Chargers'!$A$2:$B$5,2,FALSE) -> Roam Point | E51: KE | F51: A | G51: 49 | H51: =CONCATENATE("#",C51,"-",E51,"-",F51,"-",G51,) -> #RP-KE-A-49 | I51: =concatenate("FO-",A51,"-",TEXT(B51,"00"),H51) -> FO-NBI-00#RP-KE-A-49 | J51: Archived | N51: =D51&" - "&M51 -> Roam Point - | O51: =CONCATENATE(I51,": ",N51) -> FO-NBI-00#RP-KE-A-49: Roam Point -
A52: NBI | C52: RP | D52: =vlookup(C52,'List of Chargers'!$A$2:$B$5,2,FALSE) -> Roam Point | E52: KE | F52: A | G52: 50 | H52: =CONCATENATE("#",C52,"-",E52,"-",F52,"-",G52,) -> #RP-KE-A-50 | I52: =concatenate("FO-",A52,"-",TEXT(B52,"00"),H52) -> FO-NBI-00#RP-KE-A-50 | N52: =D52&" - "&M52 -> Roam Point - | O52: =CONCATENATE(I52,": ",N52) -> FO-NBI-00#RP-KE-A-50: Roam Point -
A53: NBI | C53: RP | D53: =vlookup(C53,'List of Chargers'!$A$2:$B$5,2,FALSE) -> Roam Point | E53: KE | F53: A | G53: 51 | H53: =CONCATENATE("#",C53,"-",E53,"-",F53,"-",G53,) -> #RP-KE-A-51 | I53: =concatenate("FO-",A53,"-",TEXT(B53,"00"),H53) -> FO-NBI-00#RP-KE-A-51 | N53: =D53&" - "&M53 -> Roam Point - | O53: =CONCATENATE(I53,": ",N53) -> FO-NBI-00#RP-KE-A-51: Roam Point -
A54: NBI | C54: RP | D54: =vlookup(C54,'List of Chargers'!$A$2:$B$5,2,FALSE) -> Roam Point | E54: KE | F54: A | G54: 52 | H54: =CONCATENATE("#",C54,"-",E54,"-",F54,"-",G54,) -> #RP-KE-A-52 | I54: =concatenate("FO-",A54,"-",TEXT(B54,"00"),H54) -> FO-NBI-00#RP-KE-A-52 | N54: =D54&" - "&M54 -> Roam Point - | O54: =CONCATENATE(I54,": ",N54) -> FO-NBI-00#RP-KE-A-52: Roam Point -
A55: NBI | C55: RP | D55: =vlookup(C55,'List of Chargers'!$A$2:$B$5,2,FALSE) -> Roam Point | E55: KE | F55: A | G55: 53 | H55: =CONCATENATE("#",C55,"-",E55,"-",F55,"-",G55,) -> #RP-KE-A-53 | I55: =concatenate("FO-",A55,"-",TEXT(B55,"00"),H55) -> FO-NBI-00#RP-KE-A-53 | N55: =D55&" - "&M55 -> Roam Point - | O55: =CONCATENATE(I55,": ",N55) -> FO-NBI-00#RP-KE-A-53: Roam Point -
A56: NBI | C56: RP | D56: =vlookup(C56,'List of Chargers'!$A$2:$B$5,2,FALSE) -> Roam Point | E56: KE | F56: A | G56: 54 | H56: =CONCATENATE("#",C56,"-",E56,"-",F56,"-",G56,) -> #RP-KE-A-54 | I56: =concatenate("FO-",A56,"-",TEXT(B56,"00"),H56) -> FO-NBI-00#RP-KE-A-54 | N56: =D56&" - "&M56 -> Roam Point - | O56: =CONCATENATE(I56,": ",N56) -> FO-NBI-00#RP-KE-A-54: Roam Point -
A57: NBI | C57: RP | D57: =vlookup(C57,'List of Chargers'!$A$2:$B$5,2,FALSE) -> Roam Point | E57: KE | F57: A | G57: 55 | H57: =CONCATENATE("#",C57,"-",E57,"-",F57,"-",G57,) -> #RP-KE-A-55 | I57: =concatenate("FO-",A57,"-",TEXT(B57,"00"),H57) -> FO-NBI-00#RP-KE-A-55 | N57: =D57&" - "&M57 -> Roam Point - | O57: =CONCATENATE(I57,": ",N57) -> FO-NBI-00#RP-KE-A-55: Roam Point -
A58: NBI | C58: RP | D58: =vlookup(C58,'List of Chargers'!$A$2:$B$5,2,FALSE) -> Roam Point | E58: KE | F58: A | G58: 56 | H58: =CONCATENATE("#",C58,"-",E58,"-",F58,"-",G58,) -> #RP-KE-A-56 | I58: =concatenate("FO-",A58,"-",TEXT(B58,"00"),H58) -> FO-NBI-00#RP-KE-A-56 | N58: =D58&" - "&M58 -> Roam Point - | O58: =CONCATENATE(I58,": ",N58) -> FO-NBI-00#RP-KE-A-56: Roam Point -
A59: NBI | C59: RP | D59: =vlookup(C59,'List of Chargers'!$A$2:$B$5,2,FALSE) -> Roam Point | E59: KE | F59: A | G59: 57 | H59: =CONCATENATE("#",C59,"-",E59,"-",F59,"-",G59,) -> #RP-KE-A-57 | I59: =concatenate("FO-",A59,"-",TEXT(B59,"00"),H59) -> FO-NBI-00#RP-KE-A-57 | N59: =D59&" - "&M59 -> Roam Point - | O59: =CONCATENATE(I59,": ",N59) -> FO-NBI-00#RP-KE-A-57: Roam Point -
A60: NBI | C60: RP | D60: =vlookup(C60,'List of Chargers'!$A$2:$B$5,2,FALSE) -> Roam Point | E60: KE | F60: A | G60: 58 | H60: =CONCATENATE("#",C60,"-",E60,"-",F60,"-",G60,) -> #RP-KE-A-58 | I60: =concatenate("FO-",A60,"-",TEXT(B60,"00"),H60) -> FO-NBI-00#RP-KE-A-58 | N60: =D60&" - "&M60 -> Roam Point - | O60: =CONCATENATE(I60,": ",N60) -> FO-NBI-00#RP-KE-A-58: Roam Point -
A61: NBI | C61: RP | D61: =vlookup(C61,'List of Chargers'!$A$2:$B$5,2,FALSE) -> Roam Point | E61: KE | F61: A | G61: 59 | H61: =CONCATENATE("#",C61,"-",E61,"-",F61,"-",G61,) -> #RP-KE-A-59 | I61: =concatenate("FO-",A61,"-",TEXT(B61,"00"),H61) -> FO-NBI-00#RP-KE-A-59 | N61: =D61&" - "&M61 -> Roam Point - | O61: =CONCATENATE(I61,": ",N61) -> FO-NBI-00#RP-KE-A-59: Roam Point -
A62: NBI | C62: RP | D62: =vlookup(C62,'List of Chargers'!$A$2:$B$5,2,FALSE) -> Roam Point | E62: KE | F62: A | G62: 60 | H62: =CONCATENATE("#",C62,"-",E62,"-",F62,"-",G62,) -> #RP-KE-A-60 | I62: =concatenate("FO-",A62,"-",TEXT(B62,"00"),H62) -> FO-NBI-00#RP-KE-A-60 | N62: =D62&" - "&M62 -> Roam Point - | O62: =CONCATENATE(I62,": ",N62) -> FO-NBI-00#RP-KE-A-60: Roam Point -
A63: NBI | C63: RP | D63: =vlookup(C63,'List of Chargers'!$A$2:$B$5,2,FALSE) -> Roam Point | E63: KE | F63: A | G63: 61 | H63: =CONCATENATE("#",C63,"-",E63,"-",F63,"-",G63,) -> #RP-KE-A-61 | I63: =concatenate("FO-",A63,"-",TEXT(B63,"00"),H63) -> FO-NBI-00#RP-KE-A-61
A64: NBI | C64: RP | D64: =vlookup(C64,'List of Chargers'!$A$2:$B$5,2,FALSE) -> Roam Point | E64: KE | F64: A | G64: 62 | H64: =CONCATENATE("#",C64,"-",E64,"-",F64,"-",G64,) -> #RP-KE-A-62 | I64: =concatenate("FO-",A64,"-",TEXT(B64,"00"),H64) -> FO-NBI-00#RP-KE-A-62
A65: NBI | C65: RP | D65: =vlookup(C65,'List of Chargers'!$A$2:$B$5,2,FALSE) -> Roam Point | E65: KE | F65: A | G65: 63 | H65: =CONCATENATE("#",C65,"-",E65,"-",F65,"-",G65,) -> #RP-KE-A-63 | I65: =concatenate("FO-",A65,"-",TEXT(B65,"00"),H65) -> FO-NBI-00#RP-KE-A-63
A66: NBI | C66: RP | D66: =vlookup(C66,'List of Chargers'!$A$2:$B$5,2,FALSE) -> Roam Point | E66: KE | F66: A | G66: 64 | H66: =CONCATENATE("#",C66,"-",E66,"-",F66,"-",G66,) -> #RP-KE-A-64 | I66: =concatenate("FO-",A66,"-",TEXT(B66,"00"),H66) -> FO-NBI-00#RP-KE-A-64
A67: NBI | C67: RP | D67: =vlookup(C67,'List of Chargers'!$A$2:$B$5,2,FALSE) -> Roam Point | E67: KE | F67: A | G67: 65 | H67: =CONCATENATE("#",C67,"-",E67,"-",F67,"-",G67,) -> #RP-KE-A-65 | I67: =concatenate("FO-",A67,"-",TEXT(B67,"00"),H67) -> FO-NBI-00#RP-KE-A-65
A68: NBI | C68: RP | D68: =vlookup(C68,'List of Chargers'!$A$2:$B$5,2,FALSE) -> Roam Point | E68: KE | F68: A | G68: 66 | H68: =CONCATENATE("#",C68,"-",E68,"-",F68,"-",G68,) -> #RP-KE-A-66 | I68: =concatenate("FO-",A68,"-",TEXT(B68,"00"),H68) -> FO-NBI-00#RP-KE-A-66
A69: NBI | C69: RP | D69: =vlookup(C69,'List of Chargers'!$A$2:$B$5,2,FALSE) -> Roam Point | E69: KE | F69: A | G69: 67 | H69: =CONCATENATE("#",C69,"-",E69,"-",F69,"-",G69,) -> #RP-KE-A-67 | I69: =concatenate("FO-",A69,"-",TEXT(B69,"00"),H69) -> FO-NBI-00#RP-KE-A-67
A70: NBI | C70: RP | D70: =vlookup(C70,'List of Chargers'!$A$2:$B$5,2,FALSE) -> Roam Point | E70: KE | F70: A | G70: 68 | H70: =CONCATENATE("#",C70,"-",E70,"-",F70,"-",G70,) -> #RP-KE-A-68 | I70: =concatenate("FO-",A70,"-",TEXT(B70,"00"),H70) -> FO-NBI-00#RP-KE-A-68
A71: NBI | C71: RP | D71: =vlookup(C71,'List of Chargers'!$A$2:$B$5,2,FALSE) -> Roam Point | E71: KE | F71: A | G71: 69 | H71: =CONCATENATE("#",C71,"-",E71,"-",F71,"-",G71,) -> #RP-KE-A-69 | I71: =concatenate("FO-",A71,"-",TEXT(B71,"00"),H71) -> FO-NBI-00#RP-KE-A-69
A72: NBI | C72: RP | D72: =vlookup(C72,'List of Chargers'!$A$2:$B$5,2,FALSE) -> Roam Point | E72: KE | F72: A | G72: 70 | H72: =CONCATENATE("#",C72,"-",E72,"-",F72,"-",G72,) -> #RP-KE-A-70 | I72: =concatenate("FO-",A72,"-",TEXT(B72,"00"),H72) -> FO-NBI-00#RP-KE-A-70
A73: NBI | C73: RP | D73: =vlookup(C73,'List of Chargers'!$A$2:$B$5,2,FALSE) -> Roam Point | E73: KE | F73: A | G73: 71 | H73: =CONCATENATE("#",C73,"-",E73,"-",F73,"-",G73,) -> #RP-KE-A-71 | I73: =concatenate("FO-",A73,"-",TEXT(B73,"00"),H73) -> FO-NBI-00#RP-KE-A-71
A74: NBI | C74: RP | D74: =vlookup(C74,'List of Chargers'!$A$2:$B$5,2,FALSE) -> Roam Point | E74: KE | F74: A | G74: 72 | H74: =CONCATENATE("#",C74,"-",E74,"-",F74,"-",G74,) -> #RP-KE-A-72 | I74: =concatenate("FO-",A74,"-",TEXT(B74,"00"),H74) -> FO-NBI-00#RP-KE-A-72
... A305: NBI | C305: RP | D305: =vlookup(C305,'List of Chargers'!$A$2:$B$5,2,FALSE) -> Roam Point | E305: KE | F305: A | G305: 303 | H305: =CONCATENATE("#",C305,"-",E305,"-",F305,"-",G305,) -> #RP-KE-A-303 | I305: =concatenate("FO-",A305,"-",TEXT(B305,"00"),H305) -> FO-NBI-00#RP-KE-A-303
A306: NBI
A307: NBI
A308: NBI
A309: NBI
A310: NBI
A311: NBI
A312: NBI
A313: NBI
A314: NBI
A315: NBI
A316: NBI
A317: NBI
... A502: NBI

Sheet RN - KE - NBI
I1: =countif(I3:I1001,"Operational") -> 0 | J1: Site Information | O1: Site Respresentative | T1: Safaricom | U1: Charger Size | V1: KPLC Meter
A2: Short Name | B2: Long Name | C2: Country | D2: County | E2: Alphabet | F2: No | G2: Roam Charger ID | H2: Dynamics Project Code | I2: Status | J2: Partner | K2: Site Name | L2: Charger Name | M2: Complete Name | N2: Coordinate | O2: Full Name | P2: Phone Number | Q2: email address | R2: Ownership | S2: Operation | T2: IoT Sim | U2: kW | V2: No.
A3: RN | B3: =vlookup(A3,'List of Chargers'!$A$2:$B$6,2,FALSE) -> Roam Node | C3: KE | D3: NBI | E3: A | F3: 01 | G3: =CONCATENATE("#",A3,"-",C3,"-",D3,"-",E3,"-",F3,) -> #RN-KE-NBI-A-01 | H3: PI0074 | I3: Blocked | J3: ISK | K3: School Bus Depot | L3: =B3&" - "&K3 -> Roam Node - School Bus Depot | M3: =CONCATENATE(G3," - ",B3," - ",J3," - ",K3) -> #RN-KE-NBI-A-01 - Roam Node - ISK - School Bus Depot | R3: Roam Electric Limited | S3: Roam Electric Limited | U3: 30
A4: RN | B4: =vlookup(A4,'List of Chargers'!$A$2:$B$6,2,FALSE) -> Roam Node | C4: KE | D4: NBI | E4: A | F4: 02 | G4: =CONCATENATE("#",A4,"-",C4,"-",D4,"-",E4,"-",F4,) -> #RN-KE-NBI-A-02 | L4: =B4&" - "&K4 -> Roam Node - | M4: =CONCATENATE(G4," - ",B4," - ",J4," - ",K4) -> #RN-KE-NBI-A-02 - Roam Node - -
A5: RN | B5: =vlookup(A5,'List of Chargers'!$A$2:$B$6,2,FALSE) -> Roam Node | C5: KE | D5: NBI | E5: A | F5: 03 | G5: =CONCATENATE("#",A5,"-",C5,"-",D5,"-",E5,"-",F5,) -> #RN-KE-NBI-A-03 | L5: =B5&" - "&K5 -> Roam Node - | M5: =CONCATENATE(G5," - ",B5," - ",J5," - ",K5) -> #RN-KE-NBI-A-03 - Roam Node - -
A6: RN | B6: =vlookup(A6,'List of Chargers'!$A$2:$B$6,2,FALSE) -> Roam Node | C6: KE | D6: NBI | E6: A | F6: 04 | G6: =CONCATENATE("#",A6,"-",C6,"-",D6,"-",E6,"-",F6,) -> #RN-KE-NBI-A-04 | L6: =B6&" - "&K6 -> Roam Node - | M6: =CONCATENATE(G6," - ",B6," - ",J6," - ",K6) -> #RN-KE-NBI-A-04 - Roam Node - -
A7: RN | B7: =vlookup(A7,'List of Chargers'!$A$2:$B$6,2,FALSE) -> Roam Node | C7: KE | D7: NBI | E7: A | F7: 05 | G7: =CONCATENATE("#",A7,"-",C7,"-",D7,"-",E7,"-",F7,) -> #RN-KE-NBI-A-05 | L7: =B7&" - "&K7 -> Roam Node - | M7: =CONCATENATE(G7," - ",B7," - ",J7," - ",K7) -> #RN-KE-NBI-A-05 - Roam Node - -
A8: RN | B8: =vlookup(A8,'List of Chargers'!$A$2:$B$6,2,FALSE) -> Roam Node | C8: KE | D8: NBI | E8: A | F8: 06 | G8: =CONCATENATE("#",A8,"-",C8,"-",D8,"-",E8,"-",F8,) -> #RN-KE-NBI-A-06 | L8: =B8&" - "&K8 -> Roam Node - | M8: =CONCATENATE(G8," - ",B8," - ",J8," - ",K8) -> #RN-KE-NBI-A-06 - Roam Node - -
A9: RN | B9: =vlookup(A9,'List of Chargers'!$A$2:$B$6,2,FALSE) -> Roam Node | C9: KE | D9: NBI | E9: A | F9: 07 | G9: =CONCATENATE("#",A9,"-",C9,"-",D9,"-",E9,"-",F9,) -> #RN-KE-NBI-A-07 | L9: =B9&" - "&K9 -> Roam Node - | M9: =CONCATENATE(G9," - ",B9," - ",J9," - ",K9) -> #RN-KE-NBI-A-07 - Roam Node - -
A10: RN | B10: =vlookup(A10,'List of Chargers'!$A$2:$B$6,2,FALSE) -> Roam Node | C10: KE | D10: NBI | E10: A | F10: 08 | G10: =CONCATENATE("#",A10,"-",C10,"-",D10,"-",E10,"-",F10,) -> #RN-KE-NBI-A-08 | L10: =B10&" - "&K10 -> Roam Node - | M10: =CONCATENATE(G10," - ",B10," - ",J10," - ",K10) -> #RN-KE-NBI-A-08 - Roam Node - -
A11: RN | B11: =vlookup(A11,'List of Chargers'!$A$2:$B$6,2,FALSE) -> Roam Node | C11: KE | D11: NBI | E11: A | F11: 09 | G11: =CONCATENATE("#",A11,"-",C11,"-",D11,"-",E11,"-",F11,) -> #RN-KE-NBI-A-09 | L11: =B11&" - "&K11 -> Roam Node - | M11: =CONCATENATE(G11," - ",B11," - ",J11," - ",K11) -> #RN-KE-NBI-A-09 - Roam Node - -
A12: RN | B12: =vlookup(A12,'List of Chargers'!$A$2:$B$6,2,FALSE) -> Roam Node | C12: KE | D12: NBI | E12: A | F12: 10 | G12: =CONCATENATE("#",A12,"-",C12,"-",D12,"-",E12,"-",F12,) -> #RN-KE-NBI-A-10 | L12: =B12&" - "&K12 -> Roam Node - | M12: =CONCATENATE(G12," - ",B12," - ",J12," - ",K12) -> #RN-KE-NBI-A-10 - Roam Node - -
A13: RN | B13: =vlookup(A13,'List of Chargers'!$A$2:$B$6,2,FALSE) -> Roam Node | C13: KE | D13: NBI | E13: A | F13: 11 | G13: =CONCATENATE("#",A13,"-",C13,"-",D13,"-",E13,"-",F13,) -> #RN-KE-NBI-A-11 | L13: =B13&" - "&K13 -> Roam Node - | M13: =CONCATENATE(G13," - ",B13," - ",J13," - ",K13) -> #RN-KE-NBI-A-11 - Roam Node - -
A14: RN | B14: =vlookup(A14,'List of Chargers'!$A$2:$B$6,2,FALSE) -> Roam Node | C14: KE | D14: NBI | E14: A | F14: 12 | G14: =CONCATENATE("#",A14,"-",C14,"-",D14,"-",E14,"-",F14,) -> #RN-KE-NBI-A-12 | L14: =B14&" - "&K14 -> Roam Node - | M14: =CONCATENATE(G14," - ",B14," - ",J14," - ",K14) -> #RN-KE-NBI-A-12 - Roam Node - -
A15: RN | B15: =vlookup(A15,'List of Chargers'!$A$2:$B$6,2,FALSE) -> Roam Node | C15: KE | D15: NBI | E15: A | F15: 13 | G15: =CONCATENATE("#",A15,"-",C15,"-",D15,"-",E15,"-",F15,) -> #RN-KE-NBI-A-13 | L15: =B15&" - "&K15 -> Roam Node - | M15: =CONCATENATE(G15," - ",B15," - ",J15," - ",K15) -> #RN-KE-NBI-A-13 - Roam Node - -
... A35: RN | B35: =vlookup(A35,'List of Chargers'!$A$2:$B$6,2,FALSE) -> Roam Node | C35: KE | D35: NBI | E35: A | F35: 33 | G35: =CONCATENATE("#",A35,"-",C35,"-",D35,"-",E35,"-",F35,) -> #RN-KE-NBI-A-33 | L35: =B35&" - "&K35 -> Roam Node - | M35: =CONCATENATE(G35," - ",B35," - ",J35," - ",K35) -> #RN-KE-NBI-A-33 - Roam Node - -
A36: RN | B36: =vlookup(A36,'List of Chargers'!$A$2:$B$6,2,FALSE) -> Roam Node | C36: KE | D36: NBI | E36: A | F36: 34 | G36: =CONCATENATE("#",A36,"-",C36,"-",D36,"-",E36,"-",F36,) -> #RN-KE-NBI-A-34
A37: RN | B37: =vlookup(A37,'List of Chargers'!$A$2:$B$6,2,FALSE) -> Roam Node | C37: KE | D37: NBI | E37: A | F37: 35 | G37: =CONCATENATE("#",A37,"-",C37,"-",D37,"-",E37,"-",F37,) -> #RN-KE-NBI-A-35
A38: RN | B38: =vlookup(A38,'List of Chargers'!$A$2:$B$6,2,FALSE) -> Roam Node | C38: KE | D38: NBI | E38: A | F38: 36 | G38: =CONCATENATE("#",A38,"-",C38,"-",D38,"-",E38,"-",F38,) -> #RN-KE-NBI-A-36
A39: RN | B39: =vlookup(A39,'List of Chargers'!$A$2:$B$6,2,FALSE) -> Roam Node | C39: KE | D39: NBI | E39: A | F39: 37 | G39: =CONCATENATE("#",A39,"-",C39,"-",D39,"-",E39,"-",F39,) -> #RN-KE-NBI-A-37
A40: RN | B40: =vlookup(A40,'List of Chargers'!$A$2:$B$6,2,FALSE) -> Roam Node | C40: KE | D40: NBI | E40: A | F40: 38 | G40: =CONCATENATE("#",A40,"-",C40,"-",D40,"-",E40,"-",F40,) -> #RN-KE-NBI-A-38
A41: RN | B41: =vlookup(A41,'List of Chargers'!$A$2:$B$6,2,FALSE) -> Roam Node | C41: KE | D41: NBI | E41: A | F41: 39 | G41: =CONCATENATE("#",A41,"-",C41,"-",D41,"-",E41,"-",F41,) -> #RN-KE-NBI-A-39
A42: RN | B42: =vlookup(A42,'List of Chargers'!$A$2:$B$6,2,FALSE) -> Roam Node | C42: KE | D42: NBI | E42: A | F42: 40 | G42: =CONCATENATE("#",A42,"-",C42,"-",D42,"-",E42,"-",F42,) -> #RN-KE-NBI-A-40
A43: RN | B43: =vlookup(A43,'List of Chargers'!$A$2:$B$6,2,FALSE) -> Roam Node | C43: KE | D43: NBI | E43: A | F43: 41 | G43: =CONCATENATE("#",A43,"-",C43,"-",D43,"-",E43,"-",F43,) -> #RN-KE-NBI-A-41
A44: RN | B44: =vlookup(A44,'List of Chargers'!$A$2:$B$6,2,FALSE) -> Roam Node | C44: KE | D44: NBI | E44: A | F44: 42 | G44: =CONCATENATE("#",A44,"-",C44,"-",D44,"-",E44,"-",F44,) -> #RN-KE-NBI-A-42
A45: RN | B45: =vlookup(A45,'List of Chargers'!$A$2:$B$6,2,FALSE) -> Roam Node | C45: KE | D45: NBI | E45: A | F45: 43 | G45: =CONCATENATE("#",A45,"-",C45,"-",D45,"-",E45,"-",F45,) -> #RN-KE-NBI-A-43
A46: RN | B46: =vlookup(A46,'List of Chargers'!$A$2:$B$6,2,FALSE) -> Roam Node | C46: KE | D46: NBI | E46: A | F46: 44 | G46: =CONCATENATE("#",A46,"-",C46,"-",D46,"-",E46,"-",F46,) -> #RN-KE-NBI-A-44
A47: RN | B47: =vlookup(A47,'List of Chargers'!$A$2:$B$6,2,FALSE) -> Roam Node | C47: KE | D47: NBI | E47: A | F47: 45 | G47: =CONCATENATE("#",A47,"-",C47,"-",D47,"-",E47,"-",F47,) -> #RN-KE-NBI-A-45
... A62: RN | B62: =vlookup(A62,'List of Chargers'!$A$2:$B$6,2,FALSE) -> Roam Node | C62: KE | D62: NBI | E62: A | F62: 60 | G62: =CONCATENATE("#",A62,"-",C62,"-",D62,"-",E62,"-",F62,) -> #RN-KE-NBI-A-60

Sheet EVSEID
B2: Standard | C2: eMI3 | D2: <EVSE ID> = <Country Code> <S> <Spot Operator ID> <S> <ID Type> <Power Outlet ID>
B4: Roam Point | C4: exemple | D4: KE*ROA*EROA00036*2 | E4: KE | F4: Kenya | G4: <Country Code> = 2 ALPHA ; two character country code according to ISO-3166-1 (Alpha-2-Code)
E5: ROA | F5: Roam | G5: <Provider ID> = 3 (ALPHA / DIGIT) ; three alphanumeric characters, referring to the EVSP
E6: E | F6: EVSE | G6: <ID Type> = “E” ; one character “E” indicating that this ID represents an “EVSE”
E7: ROA00036 | F7: Roam Point / Charging ID | G7: <Power Outlet ID> = (ALPHA / DIGIT)1 * *30 ( 1*(ALPHA / DIGIT) / [<S>] ) ; between 1 and 31 sequence of alphanumeric characters or separators, including additional optional separators start with alphanumeric character, internal number allowing the EVSE Operator to identify one specific EVSE
E8: 2 | F8: If second cable | G8: <S> = *1 ( “*” ) ; optional separator
B10: Note: Roam Points will also have a short code for manual entry format XXX000 (3 ALPHA + 3 DIGITS)
B12: Roam Hub | C12: exemple | D12: KE*ROA*E#RH-KE-A-04*16 | E12: KE | F12: Kenya | G12: <Country Code> = 2 ALPHA ; two character country code according to ISO-3166-1 (Alpha-2-Code)
E13: ROA | F13: Roam | G13: <Provider ID> = 3 (ALPHA / DIGIT) ; three alphanumeric characters, referring to the EVSP
E14: E | F14: EVSE | G14: <ID Type> = “E” ; one character “E” indicating that this ID represents an “EVSE”
E15: #RH-KE-A-04 | F15: Roam Hub ID | G15: <Power Outlet ID> = (ALPHA / DIGIT)1 * *30 ( 1*(ALPHA / DIGIT) / [<S>] ) ; between 1 and 31 sequence of alphanumeric characters or separators, including additional optional separators start with alphanumeric character, internal number allowing the EVSE Operator to identify one specific EVSE
E16: 16 | F16: Slot Controler No. | G16: <S> = *1 ( “*” ) ; optional separator
B18: Note: A Roam Hub (Hub Controller) is seen as a Level 2 Charging Station and each Charger (Slot Controllers) is seen as a Level 3 EVSE

Sheet Labels HubSlots
A1: Input Section | C1: Select and fill Blue Sections
C2: Roam Hub
C3: #RH-KE-A-16
C4: =VLOOKUP(C3,'RH - KE'!H:N,7,FALSE) -> Roam Hub - Roam Park
C5: Slot Number Start
C6: 1
C7: Number of Slots
C8: 18
A10: HUB CONTROLLER
A11: =C3 -> #RH-KE-A-16
A12: =C4 -> Roam Hub - Roam Park
A14: =IMAGE("https://api.qrserver.com/v1/create-qr-code/?size=150x150&data="&ENCODEURL(A11))
B19: SLOT CONTROLLER
B20: EVSE ID | C20: =CONCATENATE("KE*ROA*E",$C$3,"*",B22) -> KE*ROA*E#RH-KE-A-16*1
B22: =C6 -> 1 | C22: =IMAGE("https://api.qrserver.com/v1/create-qr-code/?size=150x150&data="&ENCODEURL(C20))
B28: =IF(B31<>"","SLOT CONTROLLER","") -> SLOT CONTROLLER
B29: =IF(B31<>"","EVSE ID ","") -> EVSE ID | C29: =IF(B31<>"",CONCATENATE("KE*ROA*E",$C$3,"*",B31),"") -> KE*ROA*E#RH-KE-A-16*2
B31: =IF(B22<$C$8,B22+1,"") -> 2 | C31: =IMAGE("https://api.qrserver.com/v1/create-qr-code/?size=150x150&data="&ENCODEURL(C29))
B37: =IF(B40<>"","SLOT CONTROLLER","") -> SLOT CONTROLLER
B38: =IF(B40<>"","EVSE ID ","") -> EVSE ID | C38: =IF(B40<>"",CONCATENATE("KE*ROA*E",$C$3,"*",B40),"") -> KE*ROA*E#RH-KE-A-16*3
B40: =IF(B31<$C$8,B31+1,"") -> 3 | C40: =IMAGE("https://api.qrserver.com/v1/create-qr-code/?size=150x150&data="&ENCODEURL(C38))
B46: =IF(B49<>"","SLOT CONTROLLER","") -> SLOT CONTROLLER
B47: =IF(B49<>"","EVSE ID ","") -> EVSE ID | C47: =IF(B49<>"",CONCATENATE("KE*ROA*E",$C$3,"*",B49),"") -> KE*ROA*E#RH-KE-A-16*4
B49: =IF(B40<$C$8,B40+1,"") -> 4 | C49: =IMAGE("https://api.qrserver.com/v1/create-qr-code/?size=150x150&data="&ENCODEURL(C47))
B55: =IF(B58<>"","SLOT CONTROLLER","") -> SLOT CONTROLLER
B56: =IF(B58<>"","EVSE ID ","") -> EVSE ID | C56: =IF(B58<>"",CONCATENATE("KE*ROA*E",$C$3,"*",B58),"") -> KE*ROA*E#RH-KE-A-16*5
B58: =IF(B49<$C$8,B49+1,"") -> 5 | C58: =IMAGE("https://api.qrserver.com/v1/create-qr-code/?size=150x150&data="&ENCODEURL(C56))
B64: =IF(B67<>"","SLOT CONTROLLER","") -> SLOT CONTROLLER
B65: =IF(B67<>"","EVSE ID ","") -> EVSE ID | C65: =IF(B67<>"",CONCATENATE("KE*ROA*E",$C$3,"*",B67),"") -> KE*ROA*E#RH-KE-A-16*6
B67: =IF(B58<$C$8,B58+1,"") -> 6 | C67: =IMAGE("https://api.qrserver.com/v1/create-qr-code/?size=150x150&data="&ENCODEURL(C65))
B73: =IF(B76<>"","SLOT CONTROLLER","") -> SLOT CONTROLLER
B74: =IF(B76<>"","EVSE ID ","") -> EVSE ID | C74: =IF(B76<>"",CONCATENATE("KE*ROA*E",$C$3,"*",B76),"") -> KE*ROA*E#RH-KE-A-16*7
B76: =IF(B67<$C$8,B67+1,"") -> 7 | C76: =IMAGE("https://api.qrserver.com/v1/create-qr-code/?size=150x150&data="&ENCODEURL(C74))
B82: =IF(B85<>"","SLOT CONTROLLER","") -> SLOT CONTROLLER
B83: =IF(B85<>"","EVSE ID ","") -> EVSE ID | C83: =IF(B85<>"",CONCATENATE("KE*ROA*E",$C$3,"*",B85),"") -> KE*ROA*E#RH-KE-A-16*8
B85: =IF(B76<$C$8,B76+1,"") -> 8 | C85: =IMAGE("https://api.qrserver.com/v1/create-qr-code/?size=150x150&data="&ENCODEURL(C83))
B91: =IF(B94<>"","SLOT CONTROLLER","") -> SLOT CONTROLLER
B92: =IF(B94<>"","EVSE ID ","") -> EVSE ID | C92: =IF(B94<>"",CONCATENATE("KE*ROA*E",$C$3,"*",B94),"") -> KE*ROA*E#RH-KE-A-16*9
B94: =IF(B85<$C$8,B85+1,"") -> 9 | C94: =IMAGE("https://api.qrserver.com/v1/create-qr-code/?size=150x150&data="&ENCODEURL(C92))
B100: =IF(B103<>"","SLOT CONTROLLER","") -> SLOT CONTROLLER
B101: =IF(B103<>"","EVSE ID ","") -> EVSE ID | C101: =IF(B103<>"",CONCATENATE("KE*ROA*E",$C$3,"*",B103),"") -> KE*ROA*E#RH-KE-A-16*10
B103: =IF(B94<$C$8,B94+1,"") -> 10 | C103: =IMAGE("https://api.qrserver.com/v1/create-qr-code/?size=150x150&data="&ENCODEURL(C101))
B109: =IF(B112<>"","SLOT CONTROLLER","") -> SLOT CONTROLLER
B110: =IF(B112<>"","EVSE ID ","") -> EVSE ID | C110: =IF(B112<>"",CONCATENATE("KE*ROA*E",$C$3,"*",B112),"") -> KE*ROA*E#RH-KE-A-16*11
B112: =IF(B103<$C$8,B103+1,"") -> 11 | C112: =IMAGE("https://api.qrserver.com/v1/create-qr-code/?size=150x150&data="&ENCODEURL(C110))
B118: =IF(B121<>"","SLOT CONTROLLER","") -> SLOT CONTROLLER
B119: =IF(B121<>"","EVSE ID ","") -> EVSE ID | C119: =IF(B121<>"",CONCATENATE("KE*ROA*E",$C$3,"*",B121),"") -> KE*ROA*E#RH-KE-A-16*12
B121: =IF(B112<$C$8,B112+1,"") -> 12 | C121: =IMAGE("https://api.qrserver.com/v1/create-qr-code/?size=150x150&data="&ENCODEURL(C119))
B127: =IF(B130<>"","SLOT CONTROLLER","") -> SLOT CONTROLLER
B128: =IF(B130<>"","EVSE ID ","") -> EVSE ID | C128: =IF(B130<>"",CONCATENATE("KE*ROA*E",$C$3,"*",B130),"") -> KE*ROA*E#RH-KE-A-16*13
B130: =IF(B121<$C$8,B121+1,"") -> 13 | C130: =IMAGE("https://api.qrserver.com/v1/create-qr-code/?size=150x150&data="&ENCODEURL(C128))
B136: =IF(B139<>"","SLOT CONTROLLER","") -> SLOT CONTROLLER
B137: =IF(B139<>"","EVSE ID ","") -> EVSE ID | C137: =IF(B139<>"",CONCATENATE("KE*ROA*E",$C$3,"*",B139),"") -> KE*ROA*E#RH-KE-A-16*14
B139: =IF(B130<$C$8,B130+1,"") -> 14 | C139: =IMAGE("https://api.qrserver.com/v1/create-qr-code/?size=150x150&data="&ENCODEURL(C137))
B145: =IF(B148<>"","SLOT CONTROLLER","") -> SLOT CONTROLLER
B146: =IF(B148<>"","EVSE ID ","") -> EVSE ID | C146: =IF(B148<>"",CONCATENATE("KE*ROA*E",$C$3,"*",B148),"") -> KE*ROA*E#RH-KE-A-16*15
B148: =IF(B139<$C$8,B139+1,"") -> 15 | C148: =IMAGE("https://api.qrserver.com/v1/create-qr-code/?size=150x150&data="&ENCODEURL(C146))
B154: =IF(B157<>"","SLOT CONTROLLER","") -> SLOT CONTROLLER
B155: =IF(B157<>"","EVSE ID ","") -> EVSE ID | C155: =IF(B157<>"",CONCATENATE("KE*ROA*E",$C$3,"*",B157),"") -> KE*ROA*E#RH-KE-A-16*16
B157: =IF(B148<$C$8,B148+1,"") -> 16 | C157: =IMAGE("https://api.qrserver.com/v1/create-qr-code/?size=150x150&data="&ENCODEURL(C155))
B163: =IF(B166<>"","SLOT CONTROLLER","") -> SLOT CONTROLLER
B164: =IF(B166<>"","EVSE ID ","") -> EVSE ID | C164: =IF(B166<>"",CONCATENATE("KE*ROA*E",$C$3,"*",B166),"") -> KE*ROA*E#RH-KE-A-16*17
B166: =IF(B157<$C$8,B157+1,"") -> 17 | C166: =IMAGE("https://api.qrserver.com/v1/create-qr-code/?size=150x150&data="&ENCODEURL(C164))
B172: =IF(B175<>"","SLOT CONTROLLER","") -> SLOT CONTROLLER
B173: =IF(B175<>"","EVSE ID ","") -> EVSE ID | C173: =IF(B175<>"",CONCATENATE("KE*ROA*E",$C$3,"*",B175),"") -> KE*ROA*E#RH-KE-A-16*18
B175: =IF(B166<$C$8,B166+1,"") -> 18 | C175: =IMAGE("https://api.qrserver.com/v1/create-qr-code/?size=150x150&data="&ENCODEURL(C173))
B181: =IF(B184<>"","SLOT CONTROLLER","")
B182: =IF(B184<>"","EVSE ID ","") | C182: =IF(B184<>"",CONCATENATE("KE*ROA*E",$C$3,"*",B184),"")
B184: =IF(B175<$C$8,B175+1,"") | C184: =IMAGE("https://api.qrserver.com/v1/create-qr-code/?size=150x150&data="&ENCODEURL(C182))
B190: =IF(B193<>"","SLOT CONTROLLER","")
B191: =IF(B193<>"","EVSE ID ","") | C191: =IF(B193<>"",CONCATENATE("KE*ROA*E",$C$3,"*",B193),"")
B193: =IF(B184<$C$8,B184+1,"") | C193: =IMAGE("https://api.qrserver.com/v1/create-qr-code/?size=150x150&data="&ENCODEURL(C191))
B199: =IF(B202<>"","SLOT CONTROLLER","")
B200: =IF(B202<>"","EVSE ID ","") | C200: =IF(B202<>"",CONCATENATE("KE*ROA*E",$C$3,"*",B202),"")
B202: =IF(B193<$C$8,B193+1,"") | C202: =IMAGE("https://api.qrserver.com/v1/create-qr-code/?size=150x150&data="&ENCODEURL(C200))
B208: =IF(B211<>"","SLOT CONTROLLER","")
B209: =IF(B211<>"","EVSE ID ","") | C209: =IF(B211<>"",CONCATENATE("KE*ROA*E",$C$3,"*",B211),"")
B211: =IF(B202<$C$8,B202+1,"") | C211: =IMAGE("https://api.qrserver.com/v1/create-qr-code/?size=150x150&data="&ENCODEURL(C209))
B217: =IF(B220<>"","SLOT CONTROLLER","")
B218: =IF(B220<>"","EVSE ID ","") | C218: =IF(B220<>"",CONCATENATE("KE*ROA*E",$C$3,"*",B220),"")
B220: =IF(B211<$C$8,B211+1,"") | C220: =IMAGE("https://api.qrserver.com/v1/create-qr-code/?size=150x150&data="&ENCODEURL(C218))
B226: =IF(B229<>"","SLOT CONTROLLER","")
B227: =IF(B229<>"","EVSE ID ","") | C227: =IF(B229<>"",CONCATENATE("KE*ROA*E",$C$3,"*",B229),"")
B229: =IF(B220<$C$8,B220+1,"") | C229: =IMAGE("https://api.qrserver.com/v1/create-qr-code/?size=150x150&data="&ENCODEURL(C227))
B235: =IF(B238<>"","SLOT CONTROLLER","")
B236: =IF(B238<>"","EVSE ID ","") | C236: =IF(B238<>"",CONCATENATE("KE*ROA*E",$C$3,"*",B238),"")
B238: =IF(B229<$C$8,B229+1,"") | C238: =IMAGE("https://api.qrserver.com/v1/create-qr-code/?size=150x150&data="&ENCODEURL(C236))
B244: =IF(B247<>"","SLOT CONTROLLER","")
B245: =IF(B247<>"","EVSE ID ","") | C245: =IF(B247<>"",CONCATENATE("KE*ROA*E",$C$3,"*",B247),"")
B247: =IF(B238<$C$8,B238+1,"") | C247: =IMAGE("https://api.qrserver.com/v1/create-qr-code/?size=150x150&data="&ENCODEURL(C245))
B253: =IF(B256<>"","SLOT CONTROLLER","")
B254: =IF(B256<>"","EVSE ID ","") | C254: =IF(B256<>"",CONCATENATE("KE*ROA*E",$C$3,"*",B256),"")
B256: =IF(B247<$C$8,B247+1,"") | C256: =IMAGE("https://api.qrserver.com/v1/create-qr-code/?size=150x150&data="&ENCODEURL(C254))
B262: =IF(B265<>"","SLOT CONTROLLER","")
B263: =IF(B265<>"","EVSE ID ","") | C263: =IF(B265<>"",CONCATENATE("KE*ROA*E",$C$3,"*",B265),"")
B265: =IF(B256<$C$8,B256+1,"") | C265: =IMAGE("https://api.qrserver.com/v1/create-qr-code/?size=150x150&data="&ENCODEURL(C263))
B271: =IF(B274<>"","SLOT CONTROLLER","")
B272: =IF(B274<>"","EVSE ID ","") | C272: =IF(B274<>"",CONCATENATE("KE*ROA*E",$C$3,"*",B274),"")
B274: =IF(B265<$C$8,B265+1,"") | C274: =IMAGE("https://api.qrserver.com/v1/create-qr-code/?size=150x150&data="&ENCODEURL(C272))
B280: =IF(B283<>"","SLOT CONTROLLER","")
...

Sheet Labels Charger
A1: Input Section | C1: Select and fill Blue Sections
C2: Roam Hub
C3: #RH-KE-A-02
C4: =VLOOKUP(C3,'RH - KE'!H:N,7,FALSE) -> Roam Hub - Wayaki Way
C5: Model Charger
C6: 10002048.A1
C7: Number of Slots Start
C8: 1
C9: Number of Slots
C10: 18
B12: FAST CHARGER
B13: ITEM NO. | C13: =C6 -> 10002048.A1
B15: =C8 -> 1 | C15: =IMAGE("https://api.qrserver.com/v1/create-qr-code/?size=150x150&data="&ENCODEURL(C13))
B21: =IF(B24<>"","FAST CHARGER","") -> FAST CHARGER
B22: =IF(B33<>"","ITEM NO.","") -> ITEM NO. | C22: =IF(B24<>"",$C$6,"") -> 10002048.A1
B24: =IF(B15<$C$10,B15+1,"") -> 2 | C24: =IMAGE("https://api.qrserver.com/v1/create-qr-code/?size=150x150&data="&ENCODEURL(C22))
B30: =IF(B33<>"","FAST CHARGER","") -> FAST CHARGER
B31: =IF(B42<>"","ITEM NO.","") -> ITEM NO. | C31: =IF(B33<>"",$C$6,"") -> 10002048.A1
B33: =IF(B24<$C$10,B24+1,"") -> 3 | C33: =IMAGE("https://api.qrserver.com/v1/create-qr-code/?size=150x150&data="&ENCODEURL(C31))
B39: =IF(B42<>"","FAST CHARGER","") -> FAST CHARGER
B40: =IF(B51<>"","ITEM NO.","") -> ITEM NO. | C40: =IF(B42<>"",$C$6,"") -> 10002048.A1
B42: =IF(B33<$C$10,B33+1,"") -> 4 | C42: =IMAGE("https://api.qrserver.com/v1/create-qr-code/?size=150x150&data="&ENCODEURL(C40))
B48: =IF(B51<>"","FAST CHARGER","") -> FAST CHARGER
B49: =IF(B60<>"","ITEM NO.","") -> ITEM NO. | C49: =IF(B51<>"",$C$6,"") -> 10002048.A1
B51: =IF(B42<$C$10,B42+1,"") -> 5 | C51: =IMAGE("https://api.qrserver.com/v1/create-qr-code/?size=150x150&data="&ENCODEURL(C49))
B57: =IF(B60<>"","FAST CHARGER","") -> FAST CHARGER
B58: =IF(B69<>"","ITEM NO.","") -> ITEM NO. | C58: =IF(B60<>"",$C$6,"") -> 10002048.A1
B60: =IF(B51<$C$10,B51+1,"") -> 6 | C60: =IMAGE("https://api.qrserver.com/v1/create-qr-code/?size=150x150&data="&ENCODEURL(C58))
B66: =IF(B69<>"","FAST CHARGER","") -> FAST CHARGER
B67: =IF(B78<>"","ITEM NO.","") -> ITEM NO. | C67: =IF(B69<>"",$C$6,"") -> 10002048.A1
B69: =IF(B60<$C$10,B60+1,"") -> 7 | C69: =IMAGE("https://api.qrserver.com/v1/create-qr-code/?size=150x150&data="&ENCODEURL(C67))
B75: =IF(B78<>"","FAST CHARGER","") -> FAST CHARGER
B76: =IF(B87<>"","ITEM NO.","") -> ITEM NO. | C76: =IF(B78<>"",$C$6,"") -> 10002048.A1
B78: =IF(B69<$C$10,B69+1,"") -> 8 | C78: =IMAGE("https://api.qrserver.com/v1/create-qr-code/?size=150x150&data="&ENCODEURL(C76))
B84: =IF(B87<>"","FAST CHARGER","") -> FAST CHARGER
B85: =IF(B96<>"","ITEM NO.","") -> ITEM NO. | C85: =IF(B87<>"",$C$6,"") -> 10002048.A1
B87: =IF(B78<$C$10,B78+1,"") -> 9 | C87: =IMAGE("https://api.qrserver.com/v1/create-qr-code/?size=150x150&data="&ENCODEURL(C85))
B93: =IF(B96<>"","FAST CHARGER","") -> FAST CHARGER
B94: =IF(B105<>"","ITEM NO.","") -> ITEM NO. | C94: =IF(B96<>"",$C$6,"") -> 10002048.A1
B96: =IF(B87<$C$10,B87+1,"") -> 10 | C96: =IMAGE("https://api.qrserver.com/v1/create-qr-code/?size=150x150&data="&ENCODEURL(C94))
B102: =IF(B105<>"","FAST CHARGER","") -> FAST CHARGER
B103: =IF(B114<>"","ITEM NO.","") -> ITEM NO. | C103: =IF(B105<>"",$C$6,"") -> 10002048.A1
B105: =IF(B96<$C$10,B96+1,"") -> 11 | C105: =IMAGE("https://api.qrserver.com/v1/create-qr-code/?size=150x150&data="&ENCODEURL(C103))
B111: =IF(B114<>"","FAST CHARGER","") -> FAST CHARGER
B112: =IF(B123<>"","ITEM NO.","") -> ITEM NO. | C112: =IF(B114<>"",$C$6,"") -> 10002048.A1
B114: =IF(B105<$C$10,B105+1,"") -> 12 | C114: =IMAGE("https://api.qrserver.com/v1/create-qr-code/?size=150x150&data="&ENCODEURL(C112))
B120: =IF(B123<>"","FAST CHARGER","") -> FAST CHARGER
B121: =IF(B132<>"","ITEM NO.","") -> ITEM NO. | C121: =IF(B123<>"",$C$6,"") -> 10002048.A1
B123: =IF(B114<$C$10,B114+1,"") -> 13 | C123: =IMAGE("https://api.qrserver.com/v1/create-qr-code/?size=150x150&data="&ENCODEURL(C121))
B129: =IF(B132<>"","FAST CHARGER","") -> FAST CHARGER
B130: =IF(B141<>"","ITEM NO.","") -> ITEM NO. | C130: =IF(B132<>"",$C$6,"") -> 10002048.A1
B132: =IF(B123<$C$10,B123+1,"") -> 14 | C132: =IMAGE("https://api.qrserver.com/v1/create-qr-code/?size=150x150&data="&ENCODEURL(C130))
B138: =IF(B141<>"","FAST CHARGER","") -> FAST CHARGER
B139: =IF(B150<>"","ITEM NO.","") -> ITEM NO. | C139: =IF(B141<>"",$C$6,"") -> 10002048.A1
B141: =IF(B132<$C$10,B132+1,"") -> 15 | C141: =IMAGE("https://api.qrserver.com/v1/create-qr-code/?size=150x150&data="&ENCODEURL(C139))
B147: =IF(B150<>"","FAST CHARGER","") -> FAST CHARGER
B148: =IF(B159<>"","ITEM NO.","") -> ITEM NO. | C148: =IF(B150<>"",$C$6,"") -> 10002048.A1
B150: =IF(B141<$C$10,B141+1,"") -> 16 | C150: =IMAGE("https://api.qrserver.com/v1/create-qr-code/?size=150x150&data="&ENCODEURL(C148))
B156: =IF(B159<>"","FAST CHARGER","") -> FAST CHARGER
B157: =IF(B168<>"","ITEM NO.","") -> ITEM NO. | C157: =IF(B159<>"",$C$6,"") -> 10002048.A1
B159: =IF(B150<$C$10,B150+1,"") -> 17 | C159: =IMAGE("https://api.qrserver.com/v1/create-qr-code/?size=150x150&data="&ENCODEURL(C157))
B165: =IF(B168<>"","FAST CHARGER","") -> FAST CHARGER
B166: =IF(B177<>"","ITEM NO.","") | C166: =IF(B168<>"",$C$6,"") -> 10002048.A1
B168: =IF(B159<$C$10,B159+1,"") -> 18 | C168: =IMAGE("https://api.qrserver.com/v1/create-qr-code/?size=150x150&data="&ENCODEURL(C166))
B174: =IF(B177<>"","FAST CHARGER","")
B175: =IF(B186<>"","ITEM NO.","") | C175: =IF(B177<>"",$C$6,"")
B177: =IF(B168<$C$10,B168+1,"") | C177: =IMAGE("https://api.qrserver.com/v1/create-qr-code/?size=150x150&data="&ENCODEURL(C175))
B183: =IF(B186<>"","FAST CHARGER","")
B184: =IF(B195<>"","ITEM NO.","") | C184: =IF(B186<>"",$C$6,"")
B186: =IF(B177<$C$10,B177+1,"") | C186: =IMAGE("https://api.qrserver.com/v1/create-qr-code/?size=150x150&data="&ENCODEURL(C184))
B192: =IF(B195<>"","FAST CHARGER","")
B193: =IF(B204<>"","ITEM NO.","") | C193: =IF(B195<>"",$C$6,"")
B195: =IF(B186<$C$10,B186+1,"") | C195: =IMAGE("https://api.qrserver.com/v1/create-qr-code/?size=150x150&data="&ENCODEURL(C193))
B201: =IF(B204<>"","FAST CHARGER","")
B202: =IF(B213<>"","ITEM NO.","") | C202: =IF(B204<>"",$C$6,"")
B204: =IF(B195<$C$10,B195+1,"") | C204: =IMAGE("https://api.qrserver.com/v1/create-qr-code/?size=150x150&data="&ENCODEURL(C202))
B210: =IF(B213<>"","FAST CHARGER","")
B211: =IF(B222<>"","ITEM NO.","") | C211: =IF(B213<>"",$C$6,"")
B213: =IF(B204<$C$10,B204+1,"") | C213: =IMAGE("https://api.qrserver.com/v1/create-qr-code/?size=150x150&data="&ENCODEURL(C211))
B219: =IF(B222<>"","FAST CHARGER","")
B220: =IF(B231<>"","ITEM NO.","") | C220: =IF(B222<>"",$C$6,"")
B222: =IF(B213<$C$10,B213+1,"") | C222: =IMAGE("https://api.qrserver.com/v1/create-qr-code/?size=150x150&data="&ENCODEURL(C220))
B228: =IF(B231<>"","FAST CHARGER","")
B229: =IF(B240<>"","ITEM NO.","") | C229: =IF(B231<>"",$C$6,"")
B231: =IF(B222<$C$10,B222+1,"") | C231: =IMAGE("https://api.qrserver.com/v1/create-qr-code/?size=150x150&data="&ENCODEURL(C229))
B237: =IF(B240<>"","FAST CHARGER","")
B238: =IF(B249<>"","ITEM NO.","") | C238: =IF(B240<>"",$C$6,"")
B240: =IF(B231<$C$10,B231+1,"") | C240: =IMAGE("https://api.qrserver.com/v1/create-qr-code/?size=150x150&data="&ENCODEURL(C238))
B246: =IF(B249<>"","FAST CHARGER","")
B247: =IF(B258<>"","ITEM NO.","") | C247: =IF(B249<>"",$C$6,"")
B249: =IF(B240<$C$10,B240+1,"") | C249: =IMAGE("https://api.qrserver.com/v1/create-qr-code/?size=150x150&data="&ENCODEURL(C247))
B255: =IF(B258<>"","FAST CHARGER","")
B256: =IF(B267<>"","ITEM NO.","") | C256: =IF(B258<>"",$C$6,"")
B258: =IF(B249<$C$10,B249+1,"") | C258: =IMAGE("https://api.qrserver.com/v1/create-qr-code/?size=150x150&data="&ENCODEURL(C256))
B264: =IF(B267<>"","FAST CHARGER","")
B265: =IF(B276<>"","ITEM NO.","") | C265: =IF(B267<>"",$C$6,"")
B267: =IF(B258<$C$10,B258+1,"") | C267: =IMAGE("https://api.qrserver.com/v1/create-qr-code/?size=150x150&data="&ENCODEURL(C265))
B273: =IF(B276<>"","FAST CHARGER","")
B274: =IF(B285<>"","ITEM NO.","") | C274: =IF(B276<>"",$C$6,"")
B276: =IF(B267<$C$10,B267+1,"") | C276: =IMAGE("https://api.qrserver.com/v1/create-qr-code/?size=150x150&data="&ENCODEURL(C274))
...

Sheet EMEIs
A1: Timestamp | B1: Roam Hub | C1: IMEI No
A2: 45803.605 | B2: Forest Road | C2: 35054400808442
A3: 45803.609 | B3: Karambee | C3: 350424068795176 | G3: Config 1.1.6
A4: 45803.613 | B4: Thika Centre | C4: 352016708405410 | E4: =B2 -> Forest Road | F4: 16 | G4: TRUE
B5: Thika Centre | C5: 352016708404421 | E5: =B3 -> Karambee | F5: 18 | G5: TRUE
B6: Thika Centre | C6: 352016708408992 | E6: =B4 -> Thika Centre | F6: =COUNTIF(B:B,E6) -> 4 | G6: TRUE
B7: Thika Centre | C7: 350612078648183 | E7: Lusaka Road | F7: =COUNTIF(B:B,E7) -> 11 | G7: TRUE
A8: 45803.615 | B8: Outering | C8: 350544501509247 | E8: =B8 -> Outering | F8: =COUNTIF(B:B,E8) -> 14 | G8: TRUE
B9: Outering | C9: 352016701785131 | E9: =B22 -> Roysambu | F9: =COUNTIF(B:B,E9) -> 12 | G9: TRUE
B10: Outering | C10: 350317170019917 | E10: =B33 -> Kayole | F10: =COUNTIF(B:B,E10) -> 10 | G10: TRUE
B11: Outering | C11: 350544501509114 | E11: =B42 -> GreenWheels HQ | F11: 13 | G11: TRUE
B12: Outering | C12: 352016708404256 | E12: =B47 -> Wayaki Way | F12: =COUNTIF(B:B,E12) -> 13 | G12: TRUE
B13: Outering | C13: 35201670831223 | E13: =B48 -> Suguta | F13: =COUNTIF(B:B,E13) -> 22 | G13: TRUE
B14: Outering | C14: 352016708409131 | E14: Total | F14: =sum(F4:F13) -> 133 | G14: TRUE
B15: Outering | C15: 352016708406624
B16: Outering | C16: 352016701786626
B17: Outering | C17: 352016708382627
B18: Outering | C18: 352016708407283
B19: Outering | C19: 352016701728149
B20: Outering | C20: 352016701728222
B21: Outering | C21: 352016708380399
A22: 45803.617 | B22: Roysambu | C22: 350612078670096
A23: 45803.617 | B23: Roysambu | C23: 352016708378666
A24: 45803.617 | B24: Roysambu | C24: 352016708382056
A25: 45803.618 | B25: Roysambu | C25: 350612078656541
A26: 45803.618 | B26: Roysambu | C26: 350612078634746
A27: 45803.618 | B27: Roysambu | C27: 350612078175880
A28: 45803.618 | B28: Roysambu | C28: 350612078338835
A29: 45803.618 | B29: Roysambu | C29: 350612078663265
A30: 45803.619 | B30: Roysambu | C30: 350612078634233
A31: 45803.619 | B31: Roysambu | C31: 350612078664875
A32: 45803.619 | B32: Roysambu | C32: 350612078659172
A33: 45803.619 | B33: Kayole | C33: 35042406696982
... A42: 45803.629 | B42: GreenWheels HQ | C42: 350612079051395
A43: 45803.63 | B43: GreenWheels HQ | C43: 3502016708381132
A44: 45803.63 | B44: GreenWheels HQ | C44: 3502016708408554
A45: 45803.631 | B45: GreenWheels HQ | C45: 3502016708381264
A46: 45803.631 | B46: GreenWheels HQ | C46: 350317170019982
A47: 45803.635 | B47: Wayaki Way | C47: 352016701785024
A48: 45803.637 | B48: Suguta | C48: 352016708404181
A49: 45803.638 | B49: Suguta | C49: 352016701786568
A50: 45803.638 | B50: Wayaki Way | C50: 352016701748576
A51: 45803.64 | B51: Suguta | C51: 350424062488976
A52: 45803.641 | B52: Suguta | C52: 352016701727562
A53: 45803.642 | B53: Kayole | C53: 352625695099604
A54: 45803.642 | B54: Suguta | C54: 352016708321450
A55: 45803.642 | B55: Kayole | C55: 358424060862511
A56: 45803.643 | B56: Karambee | C56: 350544503177449
B57: Karambee | C57: 352016708381652
B58: Karambee | C58: 352016708382478
B59: Karambee | C59: 352016708381124
B60: Karambee | C60: 352016708378872
B61: Karambee | C61: 352016701780710
B62: Karambee | C62: 352016708378625
B63: Karambee | C63: 352016708381215
B64: Karambee | C64: 352016708408455
B65: Karambee | C65: 352016708381371
B66: Karambee | C66: 352016701773111
B67: Karambee | C67: 352016708396106
B68: Karambee | C68: 352016708404082
... B73: Karambee | C73: 352016708380043
A74: 45803.648 | B74: GreenWheels HQ | C74: 352016708357223
A75: 45803.648 | B75: GreenWheels HQ | C75: 352016708376702
A76: 45803.649 | B76: GreenWheels HQ | C76: 352016708378856
A77: 45803.649 | B77: GreenWheels HQ | C77: 352016701727406
A78: 45803.649 | B78: GreenWheels HQ | C78: 352016708305503
A79: 45803.65 | B79: GreenWheels HQ | C79: 352016708377270
A80: 45803.65 | B80: GreenWheels HQ | C80: 352016708407036
A81: 45803.659 | B81: Suguta | C81: 352016708321450
A82: 45803.661 | B82: Suguta | C82: 350612078651278
A83: 45803.661 | B83: Suguta | C83: 352016708378740
A84: 45803.662 | B84: Suguta | C84: 352016708380092
A85: 45803.662 | B85: Suguta | C85: 3520016708381538
A86: 45803.664 | B86: Suguta | C86: 352016708381538
A87: 45803.665 | B87: Suguta | C87: 352016708382544
A88: 45803.667 | B88: Suguta | C88: 350544500812972
A89: 45803.668 | B89: Suguta | C89: 352016701750689
A90: 45803.668 | B90: Wayaki Way | C90: 350544501509031
A91: 45803.669 | B91: Suguta | C91: 352016708381520
A92: 45803.67 | B92: Forest Road | C92: 3520160816
A93: 45803.67 | B93: Suguta | C93: 352016708376017
A94: 45803.671 | B94: Forest Road | C94: 352016701775835
A95: 45803.671 | B95: Suguta | C95: 352016708380431
A96: 45803.672 | B96: Suguta | C96: 352016708406509
A97: 45803.672 | B97: Suguta | C97: 352016708382619
... A135: 45804.569 | B135: Lusaka Road | C135: 350612078649355

Sheet List of Chargers
A1: Charger Short Name | B1: Charger Long Name
A2: RH | B2: Roam Hub
A3: RK | B3: Roam Kiosk
A4: RP | B4: Roam Point
A5: AC | B5: AC Charging Point (T2)
A6: RN | B6: Roam Node

Sheet List of Till Numbers
A1: TILL NAME | B1: Number | C1: Location | D1: H O | E1: STORE | F1: TILL
A2: Roam Hub | B2: 1 | C2: Lusaka Road | D2: 6746256 | E2: 6748601 | F2: 4169380
A3: Roam Hub | B3: 2 | C3: Waiyaki Way | D3: 6746256 | E3: 6748602 | F3: 4169382
A4: Roam Hub | B4: 3 | C4: Ngong Road | D4: 6746256 | E4: 6748603 | F4: 4169384
A5: Roam Hub | B5: 4 | C5: Quickmart Roysambu | D5: 6746256 | E5: 6748604 | F5: 4169386
A6: Roam Hub | B6: 5 | C6: Ruaraka | D6: 6746256 | E6: 6748605 | F6: 4169388
A7: Roam Hub | B7: 6 | C7: Kayole | D7: 6746256 | E7: 6748606 | F7: 4169390
A8: Roam Hub | B8: 7 | C8: Forest Road | D8: 6746256 | E8: 6748607 | F8: 4169392
A9: Roam Hub | B9: 8 | C9: Thika | D9: 6746256 | E9: 6748608 | F9: 4169394
A10: Roam Hub | B10: 9 | C10: Outering | D10: 6746256 | E10: 6748609 | F10: 4169396
A11: Roam Hub | B11: 10 | C11: Suguta | D11: 6746256 | E11: 6748610 | F11: 4169398
A12: Roam Hub | B12: 11 | C12: Karambee | D12: 6746256 | E12: 6748611 | F12: 4169400
A13: Roam Hub | B13: 12 | C13: Redhill | D13: 6746256 | E13: 6748612 | F13: 4169402
... A16: Roam Hub | B16: 15 | C16: Machakos CBD | D16: 6746256 | E16: 6748615 | F16: 4169408
A17: Roam Hub | B17: 16 | D17: 6746256 | E17: 6748616 | F17: 4169410
A18: Roam Hub | B18: 17 | D18: 6746256 | E18: 6748617 | F18: 4169412
A19: Roam Hub | B19: 18 | D19: 6746256 | E19: 6748618 | F19: 4169414
A20: Roam Hub | B20: 19 | D20: 6746256 | E20: 6748619 | F20: 4169416
A21: Roam Hub | B21: 20 | D21: 6746256 | E21: 6748620 | F21: 4169418
A22: Roam Hub | B22: 21 | D22: 6746256 | E22: 6748621 | F22: 4169420
A23: Roam Hub | B23: 22 | D23: 6746256 | E23: 6748622 | F23: 4169422
A24: Roam Hub | B24: 23 | D24: 6746256 | E24: 6748623 | F24: 4169424
A25: Roam Hub | B25: 24 | D25: 6746256 | E25: 6748624 | F25: 4169426
A26: Roam Hub | B26: 25 | D26: 6746256 | E26: 6748625 | F26: 4169428
A27: Roam Hub | B27: 26 | D27: 6746256 | E27: 6748626 | F27: 4169430
A28: Roam Hub | B28: 27 | D28: 6746256 | E28: 6748627 | F28: 4169432
... A31: Roam Hub | B31: 30 | D31: 6746256 | E31: 6748630 | F31: 4169438

Sheet Sheet15
B1: Roam Hub Location
A2: No. | B2: Title | C2: Latitude | D2: Longitude | E2: Description
A3: 1 | B3: Roam Hub - Dagoretti Corner | C3: -1.29889 | D3: 36.759707 | E3: Coming soon
E4: Battery Rental and Charging
A5: 2 | B5: Roam Hub - Forest Road | C5: -1.267737 | D5: 36.831234 | E5: Open 24hrs
E6: Battery Rental and Charging
E7: Contact - 0112685256
A8: 3 | B8: Roam Hub - Kayole | C8: -1.2815192 | D8: 36.906257 | E8: Open 24hrs
E9: Battery Rental and Charging
E10: Contact - 0700010315
A11: 4 | B11: Roam Hub - Lusaka | C11: -1.301137 | D11: 36.833531 | E11: Open 24hrs
E12: Battery Rental and Charging
A13: 5 | E13: Contact - 0111917217
B14: Roam Hub - Outering Rd | C14: -1.2690751 | D14: 36.880206 | E14: Coming soon
E15: Battery Rental and Charging
A16: 6 | B16: Roam Hub - Quickmart Roysambu | C16: -1.2149667 | D16: 36.892272 | E16: Open 24hrs
E17: Battery Rental and Charging
E18: Contact - 0745145482
A19: 7 | B19: Roam Hub - Suguta Center | C19: -1.287902 | D19: 36.778833 | E19: Open 24hrs
E20: Battery Rental and Charging
A21: 8 | B21: Roam Hub - Wayaki Way | C21: -1.258489 | D21: 36.78178 | E21: Open 24hrs
E22: Battery Rental and Charging
E23: Contact - 0113585123
A24: 9 | B24: Roam Hub - Rosslyn | C24: -1.2251385 | D24: 36.797631 | E24: Coming Soon
A25: 10 | B25: Roam Hub - Karambee | C25: -1.2664923 | D25: 36.845317 | E25: Open 24hrs
E26: Battery Rental and Charging
